name,profile,playing_time,goals,assists,key_passes,completed_passes,success_rate,possession_participation,touches,shots,shots_on_goal,crosses,turnovers,recoveries,fouls,yellow_cards,red_cards,saves,clean_sheets,offsides,outcome,match_id
Ferran Torres#sim0,Attacker,90.0,0.0,3.405243645735487,3.507904946851255,11.67864598876157,59.94708203028248,5.943695493632346,33.00767166823543,3.987903166596912,0.0,0.0,9.120020387017686,1.0118855255610189,0.0,0.0,0.0,0.0,0.0,0.0,0.0,sim-0
Ferran Torres#sim1,Attacker,77.21407601664157,0.0,2.9165540796828466,2.768702976031922,16.85908729641814,85.8023656611889,6.192181402511952,37.60021545305472,4.3101911221656755,0.0,0.0,7.262370470136986,0.853520908915382,0.0,0.0,0.0,0.0,0.0,0.0,1.0,sim-1
Ferran Torres#sim2,Attacker,90.0,0.0,3.125367114456029,3.0630103369359936,18.708551053402005,90.58191719640179,6.043836224908563,39.27715544735294,4.048656930032002,0.0,0.0,5.901695619407841,0.9424591810556857,0.0,0.0,0.0,0.0,0.0,0.0,1.0,sim-2
Ferran Torres#sim3,Attacker,82.69542112502533,0.0,3.3165600589340105,3.384062353088142,20.570445042047755,73.38506883173052,5.326472495231395,40.40524805192007,3.862260886085237,0.0,0.0,6.675988708157679,1.0894889339296776,0.0,0.0,0.0,0.0,0.0,0.0,1.0,sim-3
Ferran Torres#sim4,Attacker,77.51509309350425,0.0,2.793861537240902,2.354246591381919,19.577790837745287,71.68424341718281,5.823066349365415,38.028703951107225,4.32150244674156,0.0,0.0,7.3904504306564185,0.9856507220368482,0.0,0.0,0.0,0.0,0.0,0.0,1.0,sim-4
Ferran Torres#sim5,Attacker,90.0,0.0,3.398258406972227,2.4958464527946664,17.33438231250888,64.91038915809027,5.455439209223191,40.293941265981594,2.756329295301509,0.0,0.0,7.144424063796616,0.7397095862100782,0.0,0.0,0.0,0.0,0.0,0.0,1.0,sim-5
Ferran Torres#sim6,Attacker,90.0,0.0,3.7339612906298356,3.4509600727938725,19.156262231644412,98.9237909488485,4.566791597789162,30.969565343676592,3.332865322188022,0.0,0.0,8.914617363412741,0.9599999145222208,0.0,0.0,0.0,0.0,0.0,0.0,0.0,sim-6
Ferran Torres#sim7,Attacker,54.22838691321606,0.0,2.561011808532424,2.77570707950297,16.016806371046222,76.31569324684746,6.924802125357717,35.989405974905665,3.8857829173321443,0.0,0.0,7.299716610934404,0.9903191408527023,0.0,0.0,0.0,0.0,0.0,0.0,1.0,sim-7
Ferran Torres#sim8,Attacker,90.0,0.0,3.4527841700176265,2.5124193238330057,21.01829656171255,83.72549891629603,5.646188086629168,34.74319608534677,3.528552859290839,0.0,0.0,6.235127700175163,0.7699712366224685,0.0,0.0,0.0,0.0,0.0,0.0,1.0,sim-8
Ferran Torres#sim9,Attacker,81.4909126635936,0.0,3.231528476769271,3.8293082356778356,18.593679576598973,61.042333466931275,4.3791791094288826,45.400845973056875,5.241039318963974,0.0,0.0,10.104479780828772,0.8007317772321721,0.0,0.0,0.0,0.0,0.0,0.0,1.0,sim-9
Ferran Torres#sim10,Attacker,89.43486492532365,0.0,1.8929070654432478,2.9736920629577366,15.267933924251098,61.12204872638939,4.891628254665912,32.89502232358488,4.65944983049633,0.0,0.0,7.302796015999647,0.9410188430148471,0.0,0.0,0.0,0.0,0.0,0.0,1.0,sim-10
Ferran Torres#sim11,Attacker,90.0,0.0,3.0488644820790523,3.1232432982750087,26.156615881609902,100.0,4.917678103985586,33.18948482224019,2.9463217586773576,0.0,0.0,9.736429214079056,0.8687649092061505,0.0,0.0,0.0,0.0,0.0,0.0,1.0,sim-11
Ferran Torres#sim12,Attacker,60.15758228091096,0.0,4.0,2.304791806112023,14.446414725806967,100.0,8.848119245591617,27.61913023840035,3.734860751112618,0.0,0.0,6.578925807063338,0.9558499877304203,0.0,0.0,0.0,0.0,0.0,0.0,0.0,sim-12
Ferran Torres#sim13,Attacker,79.2036168539068,0.0,3.5468665416227076,3.0839318369409714,19.13969076321342,79.04917146876247,5.810088258295,30.454184388680062,4.227875868404782,0.0,0.0,10.265631059564349,1.0694523794601702,0.0,0.0,0.0,0.0,0.0,0.0,1.0,sim-13
Ferran Torres#sim14,Attacker,90.0,0.0,2.7453766039770273,3.1424072903525206,18.169992426674227,74.1821393072847,5.701771969256617,33.41254251729662,4.109845008713777,0.0,0.0,7.658935619106055,1.0317722358470405,0.0,0.0,0.0,0.0,0.0,0.0,1.0,sim-14
Ferran Torres#sim15,Attacker,82.79616046573335,0.0,2.4314348042198675,2.8193936669278266,22.212144486824624,86.51194298057474,7.6216514769377195,42.41769490055947,4.316142408829295,0.0,0.0,9.192302974587765,0.9466172283637525,0.0,0.0,0.0,0.0,0.0,0.0,0.0,sim-15
Ferran Torres#sim16,Attacker,90.0,0.0,3.394618333214868,2.15109826194725,17.78307171980983,61.78173062756866,5.26798294085335,44.52073912964335,4.459024343846341,0.0,0.0,8.047206213741816,0.781019173111397,0.0,0.0,0.0,0.0,0.0,0.0,1.0,sim-16
Ferran Torres#sim17,Attacker,90.0,0.0,1.885851330525439,2.680804150396803,19.91453648585047,56.00900853409613,7.35354751445436,37.32064666001415,4.609540469807251,0.0,0.0,9.538599040624215,1.0419180436246902,0.0,0.0,0.0,0.0,0.0,0.0,1.0,sim-17
Raphinha#sim0,Attacker,72.85171547194977,1.954996749084952,0.0,2.5984623564412157,27.263839900407756,69.12888813912531,10.713500808872428,56.11517464005145,7.435277437671949,2.3084458337239497,9.21222089632169,2.1994819404766734,2.8379551161245904,0.963070896004112,0.0,0.0,0.0,0.0,1.2357191232748947,0.0,sim-0
Raphinha#sim1,Attacker,64.05929741867456,1.7141109355908475,0.0,3.2830614351188965,33.59133927293247,49.73833279798825,5.432886847076954,56.54788414073506,5.490481883670597,2.16537887781798,9.010813221758628,2.0497669155411256,2.273647910735307,1.0412580473407123,0.0,0.0,0.0,0.0,1.1476951255751353,1.0,sim-1
Raphinha#sim2,Attacker,90.0,1.9042980349104635,0.0,3.4479402826929992,20.51997226272806,51.134553229134426,6.818821644680718,32.47714951192909,5.267474404632409,2.2697962039019863,7.589766944409092,2.071204429499067,2.3921182988158853,1.2389835038081844,0.0,0.0,0.0,0.0,0.8930079366042276,1.0,sim-2
Raphinha#sim3,Attacker,75.61223156951483,1.8711139922932056,0.0,3.9292157088296316,24.03863447142825,71.4162865839286,7.558129445850288,60.78494665170907,5.858426417257255,1.340873902694889,9.336747667858617,1.7821997433888568,1.8077959141855204,0.8074445659678559,0.0,0.0,0.0,0.0,1.0651459337071918,0.0,sim-3
Raphinha#sim4,Attacker,84.44686435599705,1.4683311859355366,0.0,2.8209963870674826,38.42005248076569,71.30282562086875,9.0804757744396,59.51566101198665,8.107093564936404,2.747712990459351,8.0999088345912,2.057668613594147,2.387446456687899,0.8477810141018776,0.0,0.0,0.0,0.0,0.7138778512043855,1.0,sim-4
Raphinha#sim5,Attacker,71.89837736956835,1.8348768974218401,0.0,4.046104827711939,38.370521810666034,55.149134057202424,9.882063949402902,51.89665137758872,5.692887054916698,2.0667172337895376,8.891606408444567,1.8778669458017545,2.382986551784369,0.7944511192943673,0.0,0.0,0.0,0.0,1.0164736320711776,1.0,sim-5
Raphinha#sim6,Attacker,89.0801122508384,1.9386532707808863,0.0,3.232362733837079,27.095145790289976,74.69101634717903,11.116770445442455,59.694636584951276,5.690851367759853,2.163427608551131,7.555510800013166,2.3367969651674536,1.3406938096825556,0.9395906737386437,0.0,0.0,0.0,0.0,0.8704935580087377,1.0,sim-6
Raphinha#sim7,Attacker,81.19537277149132,2.871349404409065,0.0,2.6978309655332753,34.678862006721765,47.95913401394872,8.802280690844158,57.00273292799864,5.907011296033268,2.284690203808429,8.496289125779915,2.240597366518879,1.7521859783969267,1.1616067735138986,0.0,0.0,0.0,0.0,0.9655580823948892,1.0,sim-7
Raphinha#sim8,Attacker,82.83092146734661,2.5238164074574563,0.0,3.1394435645942553,41.012775804818645,62.35658364780528,7.7245616114216205,51.47847278307419,6.488520666694589,1.4363267340150148,8.917958099817614,1.8060423256576124,2.4132125578640826,0.5690331451179151,0.0,0.0,0.0,0.0,0.9677392074190441,1.0,sim-8
Raphinha#sim9,Attacker,87.42120508364302,2.0732197666231795,0.0,3.3816988060854873,35.816955989420386,71.32276547949915,10.231636983165615,58.9878934481513,8.197879166949551,1.9686460984210965,7.557800165598209,1.728730071071344,1.6283854385919787,0.7759950782318065,0.0,0.0,0.0,0.0,0.8622036500626516,0.0,sim-9
Raphinha#sim10,Attacker,90.0,1.942526609328074,0.0,3.2961510772480915,33.08272786391996,49.31378412346294,9.186201051482106,58.641320985709754,5.028329630593226,2.0683436214214797,5.905055621228784,2.4810269960043816,2.4492619946213954,0.9545468798254664,0.0,0.0,0.0,0.0,0.8070160561431654,1.0,sim-10
Raphinha#sim11,Attacker,90.0,1.5764187010054513,0.0,3.1271421188873623,41.28002901535781,52.02417400364593,9.716886468741823,74.35869241619613,4.2161001199663914,1.5388150855355005,7.390006486696393,1.812588171372052,2.292536463591312,1.0434987495677508,0.0,0.0,0.0,0.0,0.8870342434413545,1.0,sim-11
Raphinha#sim12,Attacker,90.0,2.274653533641297,0.0,2.089777448612204,35.09907837398673,54.28209753159717,9.693852210798754,41.64875689117748,6.482027919346509,1.7096243944493459,6.153006103624849,2.2569752491336637,2.0869920278036305,0.8894841757492785,0.0,0.0,0.0,0.0,0.8884601318568496,1.0,sim-12
Raphinha#sim13,Attacker,83.33145918009741,2.490551350329203,0.0,1.6970986212980752,41.27899709126851,97.30723139899969,8.621579249637819,36.476672550548535,5.664677305708381,1.896959738057359,7.7265096689279495,1.5991803049081346,2.208642011291532,1.0944113275514955,0.0,0.0,0.0,0.0,0.9392814708276689,1.0,sim-13
Raphinha#sim14,Attacker,90.0,1.3769582220174015,0.0,2.7891494672900827,42.64347207462682,64.60888215793769,12.092043861014076,44.87429376635737,6.634239900147016,2.1149840949648424,6.748571963074713,2.0638626012692987,2.436506781259376,0.9417174932284119,0.0,0.0,0.0,0.0,0.9853142014566783,1.0,sim-14
Raphinha#sim15,Attacker,63.82633490300502,2.173544060789189,0.0,1.6150380554168937,36.52070165086286,69.97007128182253,8.104973544562926,42.726351472532926,6.902672528019484,2.1257662241217545,11.430947287065067,2.1512678955409776,2.139573130854325,0.9699529725804583,0.0,0.0,0.0,0.0,0.9216266548700868,0.0,sim-15
Raphinha#sim16,Attacker,90.0,2.5394147985068236,0.0,2.770622186991731,33.809084809490045,63.74938743084511,10.893737815356177,33.30208491056001,5.107158549329754,1.7183301197738796,4.658687342163951,1.6530901600272305,1.6705437982954665,0.9638011621866105,0.0,0.0,0.0,0.0,1.188851251859443,1.0,sim-16
Raphinha#sim17,Attacker,75.24868688047253,2.2010776253387205,0.0,3.349641732983116,31.921394479259092,75.12417375896335,7.567279237095968,55.87818672005426,5.772454784487791,1.562279267322513,5.748591755069089,2.2468696526988783,1.8736571424015278,0.8159895493034807,0.0,0.0,0.0,0.0,0.8338804404588518,1.0,sim-17
Lamine Yamal#sim0,Attacker,90.0,1.1381171032830208,0.0,2.395450627353916,37.821226415353074,86.2957930151397,10.767975276476319,57.00693407633984,7.350461095332831,5.142307176414597,3.4199943901058596,4.581045963000019,4.958961287066369,1.190983320077292,0.0,0.0,0.0,0.0,0.0,1.0,sim-0
Lamine Yamal#sim1,Attacker,90.0,0.9330909946145749,0.0,3.006183697502154,33.11463236552289,69.79637615313665,13.414004968122837,77.95848843000603,8.43142134127984,4.171234641971785,3.461710435120531,4.460531014838489,7.557607486497107,2.4498794961357597,0.0,0.0,0.0,0.0,0.0,1.0,sim-1
Lamine Yamal#sim2,Attacker,80.98969026664417,0.7696286276247963,0.0,3.93365748407828,43.56308978186236,89.3231406439085,12.182502713360488,59.128004777991386,7.255524568891202,4.015875766584215,3.2143753044293732,4.0434778684655805,5.358658332788575,1.981569039746025,0.0,0.0,0.0,0.0,0.0,1.0,sim-2
Lamine Yamal#sim3,Attacker,86.71279344631212,0.8051631044701084,0.0,2.5971069414076426,27.12301210478418,93.2585017332247,10.490190860122228,40.025166229271015,6.84541735675614,5.896131247309931,3.5719808190040134,4.738602526877372,7.04903064069584,1.6957836819311056,0.0,0.0,0.0,0.0,0.0,1.0,sim-3
Lamine Yamal#sim4,Attacker,69.84386476245392,0.9425608125380384,0.0,2.890875047489722,31.35926711911077,89.2873453757173,8.911018544151684,52.32993819083653,7.392430571222334,4.638206677883716,3.1318163700483104,4.196706896453528,5.564319458624616,1.8267531954084517,0.0,0.0,0.0,0.0,0.0,1.0,sim-4
Lamine Yamal#sim5,Attacker,88.09470414211305,1.2185541692071302,0.0,3.2138042921926444,44.83706067136251,68.06375408208457,9.130021313202626,51.004287839032045,5.873123981942314,4.706364195479264,3.7708420531896323,5.322918406351015,6.576716576449414,2.6858216770632093,0.0,0.0,0.0,0.0,0.0,1.0,sim-5
Lamine Yamal#sim6,Attacker,90.0,0.8726923846087365,0.0,2.8046104299744554,31.914573847722384,99.36702010426154,9.854834976828315,61.958476212115386,7.017621379550268,5.302924813944891,3.2294815846155207,2.605383808452101,7.839881562448012,1.6464730088610917,0.0,0.0,0.0,0.0,0.0,0.0,sim-6
Lamine Yamal#sim7,Attacker,80.5250390140854,0.9916142913389189,0.0,2.455737807203286,39.56298086797423,86.36847240604101,6.462606809157791,38.19975890298353,6.984477690909068,4.801129413992281,2.944153138669698,3.979852631298243,7.284205397782828,2.341153859545388,0.0,0.0,0.0,0.0,0.0,1.0,sim-7
Lamine Yamal#sim8,Attacker,49.4724625246136,0.6932812847301324,0.0,2.698826400752584,32.42715164829522,85.99306902246266,9.250079472429205,70.14398666397098,6.148218194841475,4.223913836472011,3.258592790801049,2.894337709653194,7.491011548703202,2.036919146141456,0.0,0.0,0.0,0.0,0.0,1.0,sim-8
Lamine Yamal#sim9,Attacker,90.0,0.8062758639426217,0.0,3.2143979820083652,38.500167158495785,75.83603811169155,11.541782675861851,71.29273239018444,8.809740213269746,5.47647206641315,3.7362515045262774,2.6458251318586785,6.599437748728137,1.6878781077235665,0.0,0.0,0.0,0.0,0.0,1.0,sim-9
Lamine Yamal#sim10,Attacker,86.2372368552274,1.01362839183223,0.0,3.242094995625506,42.34143747394721,100.0,10.34616982448777,65.26098792969809,5.549910718426186,4.920910931825942,3.507756311037138,4.62349741966035,7.2666282633217625,2.319101825444463,0.0,0.0,0.0,0.0,0.0,1.0,sim-10
Lamine Yamal#sim11,Attacker,90.0,0.343285691461339,0.0,3.243955044508131,38.00843482478081,67.531144791689,8.543851998125552,73.55514529908208,6.390122034218428,6.390122034218428,2.9989632792847734,4.293786047354512,9.037261742108246,2.047169761829631,0.0,0.0,0.0,0.0,0.0,1.0,sim-11
Lamine Yamal#sim12,Attacker,90.0,1.006230137353346,0.0,2.9426617574638088,36.405668715958846,94.8816678776313,8.036507628627211,47.93833934156209,8.391895811407188,4.628896815015743,2.2349052699976877,4.319545150755835,7.583845955601186,1.4489425073875857,0.0,0.0,0.0,0.0,0.0,1.0,sim-12
Lamine Yamal#sim13,Attacker,90.0,0.9455284432953196,0.0,3.4701000290866526,44.31942941724765,100.0,12.119321085336418,57.83462299108745,7.444427405413192,5.690140584605819,3.0654360926217095,4.094150215296312,8.037928946163989,1.9786582474306644,0.0,0.0,0.0,0.0,0.0,1.0,sim-13
Lamine Yamal#sim14,Attacker,83.92756830105873,1.136124669453365,0.0,2.3332009330678014,44.086520184473336,77.70255179896868,6.880411814621336,47.90163580419347,5.713483097545314,5.04695598679178,2.852120727005032,3.7574809832987732,7.780824476507924,2.1223551300293733,0.0,0.0,0.0,0.0,0.0,1.0,sim-14
Lamine Yamal#sim15,Attacker,90.0,0.9991660649996178,0.0,3.641322572069405,36.27748280398991,77.70844951825487,10.655824202530681,53.39351469161579,6.998245259181381,5.887522685264691,2.6988034731657113,4.5800886202546005,7.853525724552301,1.6562749458329042,0.0,0.0,0.0,0.0,0.0,1.0,sim-15
Lamine Yamal#sim16,Attacker,90.0,0.8279874698677484,0.0,2.3294520144056676,33.71436791803525,87.08550528331166,14.11320957588393,44.3729077383737,8.854738353777568,5.134858172588553,3.22203283572862,4.085210497639507,7.5603557909259935,1.9446733624296737,0.0,0.0,0.0,0.0,0.0,1.0,sim-16
Lamine Yamal#sim17,Attacker,90.0,1.260122672246776,0.0,2.893681722699889,27.97791313267206,81.87531332959392,6.990310925851226,49.30523578104606,7.28575041809751,6.187111877967256,4.516973865063932,3.5776587387489514,8.808478197373255,2.087750892944593,0.0,0.0,0.0,0.0,0.0,1.0,sim-17
Dani Olmo#sim0,Midfielder,54.88320722949793,0.0,0.0,0.89270399806189,26.039806333064355,100.0,5.317197375185471,27.339213453543405,1.2207327320168109,0.0,4.356080791832454,3.525778296125809,2.447105598852972,2.406835753905625,0.0,0.0,0.0,0.0,0.0,1.0,sim-0
Dani Olmo#sim1,Midfielder,90.0,0.0,0.0,0.9510986109362874,20.607475422824727,85.81790101610224,5.244583012542012,31.44075703717725,1.2040624861762064,0.0,4.253464819698105,2.4661413393053127,2.1621142200957726,2.001119078066829,0.0,0.0,0.0,0.0,0.0,1.0,sim-1
Dani Olmo#sim2,Midfielder,72.66350121277402,0.0,0.0,0.9526467835978565,22.790209475493313,100.0,4.997102682207706,38.18951891119585,1.0111068341290663,0.0,3.9360665576469995,3.002049975875588,2.6187662010979493,1.1649401383695615,0.0,0.0,0.0,0.0,0.0,1.0,sim-2
Dani Olmo#sim3,Midfielder,89.94051772354732,0.0,0.0,1.1732783630476313,27.27597983286236,80.63429504956356,5.796876209753004,31.617221223989024,1.0002411724158076,0.0,2.235372067451138,2.2344505481138324,1.5726546465052267,1.86922616687523,0.0,0.0,0.0,0.0,0.0,1.0,sim-3
Dani Olmo#sim4,Midfielder,70.367267966074,0.0,0.0,0.656536525619452,25.453000727608107,73.58868187854196,5.0713435571493175,22.070851362337393,0.8628445975041537,0.0,4.263670910404435,3.2254348577206877,1.5246239657034666,2.307686862848802,0.0,0.0,0.0,0.0,0.0,1.0,sim-4
Dani Olmo#sim5,Midfielder,84.38536640489251,0.0,0.0,1.1813519387775806,24.79885873524916,100.0,6.942626560769449,41.93950407236929,0.7789600214519505,0.0,5.069141526448373,2.4285282325476762,1.5238851920149956,1.824970112948343,0.0,0.0,0.0,0.0,0.0,1.0,sim-5
Dani Olmo#sim6,Midfielder,90.0,0.0,0.0,0.9119660557385938,25.129722750769293,78.17895741679425,2.6918663735299,23.31070823518891,0.6740886376035289,0.0,3.139341538505366,3.7154760668660805,1.9840029796264325,2.4646029544356227,0.0,0.0,0.0,0.0,0.0,0.0,sim-6
Dani Olmo#sim7,Midfielder,83.74544853730372,0.0,0.0,0.786856900258311,26.40484593619244,94.97990134147229,4.415328555165514,31.148346204599626,1.1026966665049274,0.0,5.117353686488192,3.689569649386943,1.6395350842076442,2.606091035433688,0.0,0.0,0.0,0.0,0.0,1.0,sim-7
Dani Olmo#sim8,Midfielder,54.66763734101927,0.0,0.0,0.8565560219265957,27.413223074990192,77.98782848565924,4.567394655163197,35.321680447568774,0.9930631128681857,0.0,3.652792615333897,3.5396416195362237,2.0350688286648015,2.2864800835079238,0.0,0.0,0.0,0.0,0.0,1.0,sim-8
Dani Olmo#sim9,Midfielder,84.11982822630814,0.0,0.0,0.9325099558271557,27.745884850271956,79.6313432712369,5.171650378038193,27.653398073916733,1.2916126556444891,0.0,3.843019027764816,3.6445540288024434,1.2185784524736518,1.2749230658484958,0.0,0.0,0.0,0.0,0.0,1.0,sim-9
Dani Olmo#sim10,Midfielder,87.2750507988074,0.0,0.0,0.9289768866635091,16.03535387854392,93.85986223619307,5.93376284156268,22.20804415438797,0.8809449593847731,0.0,3.30494713973769,3.028880078483826,1.2496152242041494,2.221137357808543,0.0,0.0,0.0,0.0,0.0,1.0,sim-10
Dani Olmo#sim11,Midfielder,71.24587972119267,0.0,0.0,0.8784794886141769,27.89050481704266,98.82992392790419,6.852181353429729,29.867583954291433,1.06768798653207,0.0,4.8570977655714955,2.589325222041463,1.7981285009284116,1.9919907938542842,0.0,0.0,0.0,0.0,0.0,1.0,sim-11
Dani Olmo#sim12,Midfielder,86.15095539275943,0.0,0.0,1.1577778487346735,27.2640466320433,96.35169316501857,6.87375168666681,33.61452450406461,1.1184198418779723,0.0,3.8460607181748467,2.569143307646013,2.154006703368968,2.158036770580002,0.0,0.0,0.0,0.0,0.0,1.0,sim-12
Dani Olmo#sim13,Midfielder,72.54058181437206,0.0,0.0,1.063472896705091,34.9526285001846,97.22690453383777,4.8012513797927285,28.17035253521041,0.9261388047978804,0.0,3.7279792964140444,3.494808178180266,1.376044722844766,2.310320018148368,0.0,0.0,0.0,0.0,0.0,1.0,sim-13
Dani Olmo#sim14,Midfielder,55.278154667144385,0.0,0.0,0.7110511755161378,25.886288243952585,95.58577385993105,5.665481778834061,31.989118427574613,1.0524216550325283,0.0,4.882744415135689,1.4517903249573187,1.8857221202584344,1.9407256300841775,0.0,0.0,0.0,0.0,0.0,1.0,sim-14
Dani Olmo#sim15,Midfielder,66.80824351606202,0.0,0.0,1.0831982480219124,17.24269921683458,100.0,5.708658817726125,29.981650878011543,1.103598371799981,0.0,4.851422134061913,2.8250482212319277,1.9265349745825635,1.8230039786124257,0.0,0.0,0.0,0.0,0.0,1.0,sim-15
Dani Olmo#sim16,Midfielder,70.27014918310547,0.0,0.0,1.2269687182413371,32.40180686937414,75.94104391887953,7.216536636985388,36.55483577883487,1.174805021228124,0.0,3.843597166082553,2.8869192333986113,2.140591014675026,2.504427059012203,0.0,0.0,0.0,0.0,0.0,1.0,sim-16
Dani Olmo#sim17,Midfielder,72.2937031794412,0.0,0.0,0.7056166152775856,27.108919502035043,88.35263594602343,4.74213139790096,14.50764696015451,0.7754828554550496,0.0,3.5214692799545455,3.1947195059346947,1.4993532452089078,2.517933973649323,0.0,0.0,0.0,0.0,0.0,1.0,sim-17
Fermin Lopez#sim0,Midfielder,13.17962657097078,0.0,0.0,1.8577121077987502,7.584555750765766,83.93819820943509,2.120889055120076,9.14700295327852,0.0,0.0,0.0,0.0,0.8463233399342659,2.1654941438053954,1.0,0.0,0.0,0.0,0.0,0.0,sim-0
Fermin Lopez#sim1,Midfielder,16.835110682704226,0.0,0.0,1.9313262342795625,5.824177083636784,100.0,1.1065727635117197,8.367102283789302,0.0,0.0,0.0,0.0,1.0593898369583077,2.279939430900273,1.0,0.0,0.0,0.0,0.0,1.0,sim-1
Fermin Lopez#sim2,Midfielder,13.94283310617937,0.0,0.0,1.872698693019088,4.807692273798605,90.67947368110245,1.189476916578862,10.153402777245503,0.0,0.0,0.0,0.0,1.0594521902109866,1.923775831084018,1.0,0.0,0.0,0.0,0.0,1.0,sim-2
Fermin Lopez#sim3,Midfielder,15.381283516698335,0.0,0.0,1.3943624665552303,6.227114594373038,74.67231415616902,1.8542468207993767,8.489417488385937,0.0,0.0,0.0,0.0,0.966090857092411,1.8471934244785169,1.0,0.0,0.0,0.0,0.0,0.0,sim-3
Fermin Lopez#sim4,Midfielder,14.7796667567955,0.0,0.0,2.72315193902665,4.963818026606782,97.25751287500039,1.044416122508395,7.492971206622517,0.0,0.0,0.0,0.0,0.9811075319199689,2.490986116975768,1.0,0.0,0.0,0.0,0.0,1.0,sim-4
Fermin Lopez#sim5,Midfielder,12.174656851091333,0.0,0.0,1.5046711081034414,5.321359203230963,74.46045465438652,1.7083139801357181,10.310776523804195,0.0,0.0,0.0,0.0,0.7935702252098606,1.661520364786742,1.0,0.0,0.0,0.0,0.0,1.0,sim-5
Fermin Lopez#sim6,Midfielder,13.445761795928835,0.0,0.0,1.476704259224613,4.636619557234261,86.15388807697379,1.7777708483312873,5.413016458910335,0.0,0.0,0.0,0.0,0.8734475654383956,1.9570281682603243,1.0,0.0,0.0,0.0,0.0,1.0,sim-6
Fermin Lopez#sim7,Midfielder,13.561928995761567,0.0,0.0,2.162913830832653,6.346517618030576,89.38065580086217,1.925997415331609,7.270498094147285,0.0,0.0,0.0,0.0,0.9437760205019434,2.488923594512214,1.0,0.0,0.0,0.0,0.0,1.0,sim-7
Fermin Lopez#sim8,Midfielder,13.892701874968001,0.0,0.0,2.1915665745973176,9.147384220288654,58.28820410175597,1.5874833815312945,7.768492056437373,0.0,0.0,0.0,0.0,1.0346358011982726,2.4075388238291042,1.0,0.0,0.0,0.0,0.0,1.0,sim-8
Fermin Lopez#sim9,Midfielder,14.36776450124483,0.0,0.0,2.390425457934788,4.093562059472923,100.0,1.5022361156886403,8.669873384978231,0.0,0.0,0.0,0.0,0.7314209496148615,2.0192448485422907,1.0,0.0,0.0,0.0,0.0,1.0,sim-9
Fermin Lopez#sim10,Midfielder,15.351468362335853,0.0,0.0,1.435816247389239,6.419552136919664,58.55308289308975,1.702985045775573,9.208366979835851,0.0,0.0,0.0,0.0,1.2144501352524546,1.7493636614312362,1.0,0.0,0.0,0.0,0.0,1.0,sim-10
Fermin Lopez#sim11,Midfielder,14.340511098707568,0.0,0.0,1.4185816793894763,7.06761441187958,91.32316323607697,1.3039759236207362,8.545427276122336,0.0,0.0,0.0,0.0,0.8848893896402544,2.230476917358353,1.0,0.0,0.0,0.0,0.0,1.0,sim-11
Fermin Lopez#sim12,Midfielder,10.517488440963646,0.0,0.0,2.1476763256446385,5.496970381953276,100.0,1.0308170593129744,9.329885749509877,0.0,0.0,0.0,0.0,1.042628701021845,2.6850466864187004,1.0,0.0,0.0,0.0,0.0,1.0,sim-12
Fermin Lopez#sim13,Midfielder,13.71481560748318,0.0,0.0,1.7898750715497747,5.429299778395232,95.05264737413293,1.138636748942562,10.696650763439488,0.0,0.0,0.0,0.0,1.0175687186491793,1.661409122419562,1.0,0.0,0.0,0.0,0.0,1.0,sim-13
Fermin Lopez#sim14,Midfielder,10.366213586187168,0.0,0.0,1.5073996528815976,5.795280047537579,73.05447589478096,1.53006461593749,8.370414246671753,0.0,0.0,0.0,0.0,0.8605626658728287,1.7922813063040879,1.0,0.0,0.0,0.0,0.0,1.0,sim-14
Fermin Lopez#sim15,Midfielder,12.574590354145302,0.0,0.0,2.6155798234443455,8.449055740211193,69.80015906541173,1.519013164378368,7.094555487037639,0.0,0.0,0.0,0.0,0.9740288118663541,1.5619813693808935,1.0,0.0,0.0,0.0,0.0,1.0,sim-15
Fermin Lopez#sim16,Midfielder,18.29935123048165,0.0,0.0,1.5151510824393564,6.227520227942589,68.40080468413782,1.8948359211378074,10.31089546560214,0.0,0.0,0.0,0.0,1.218319064510168,2.3993011321371673,1.0,0.0,0.0,0.0,0.0,1.0,sim-16
Fermin Lopez#sim17,Midfielder,13.242073246186228,0.0,0.0,1.8821700451081913,5.840081803088426,77.00788979139287,1.3803867186248038,8.935675822597895,0.0,0.0,0.0,0.0,0.6542351333388674,2.1717326458015247,1.0,0.0,0.0,0.0,0.0,1.0,sim-17
Pedri#sim0,Midfielder,89.88470694691804,0.0,0.9168171264689597,3.3587509840895624,81.7512494216881,98.8189182936349,13.61909703929173,53.37296827972905,0.0,0.0,2.232041028314233,2.5249930892215464,6.727697945161179,1.15489534743306,1.0,0.0,0.0,0.0,0.0,1.0,sim-0
Pedri#sim1,Midfielder,90.0,0.0,1.0395252868923899,2.8602988130897056,88.62631459002235,76.16287449009319,12.779293534019006,86.1700557494061,0.0,0.0,1.528293170084442,1.8996266058232525,6.035310843273532,0.7987049529028221,1.0,0.0,0.0,0.0,0.0,1.0,sim-1
Pedri#sim2,Midfielder,90.0,0.0,0.9696426843879186,3.563621434769067,74.95654856520162,68.042906811076,15.97638077694503,69.21022756468705,0.0,0.0,2.104358771330624,3.0849057354555445,5.774245163490386,1.122134311252005,1.0,0.0,0.0,0.0,0.0,1.0,sim-2
Pedri#sim3,Midfielder,72.75554151275601,0.0,1.1313691820227953,3.976813852724696,87.95914468772585,64.29400559709295,16.154471186176856,108.01420629681665,0.0,0.0,1.2771585017103186,3.1440375307073865,4.851355492210505,1.0359343032240727,1.0,0.0,0.0,0.0,0.0,1.0,sim-3
Pedri#sim4,Midfielder,85.68410074798213,0.0,0.7208165057773501,3.244630128408573,64.33037318850542,73.29880824464672,12.863528858211641,102.58379426263045,0.0,0.0,2.2228778066473467,2.3731075435511606,6.034959708785193,1.0265180194875647,1.0,0.0,0.0,0.0,0.0,1.0,sim-4
Pedri#sim5,Midfielder,90.0,0.0,0.8891111753998975,3.5536879384991877,66.00218726181924,66.91026495483337,11.47668952985238,101.8965009530432,0.0,0.0,1.9801632443447759,2.3561065215610864,5.370235721913094,0.8168996186017046,1.0,0.0,0.0,0.0,0.0,1.0,sim-5
Pedri#sim6,Midfielder,68.12839428635199,0.0,0.9940069468869512,2.3725554205547525,61.4663452814831,77.78391252734662,11.011426546335715,87.46791978862622,0.0,0.0,1.8633164704946577,2.0264576539343433,5.187666262487078,0.836361480051396,1.0,0.0,0.0,0.0,0.0,1.0,sim-6
Pedri#sim7,Midfielder,73.4026316108093,0.0,0.7835146145378146,2.845362286632805,62.61574933630796,93.58861462880692,12.642531437173472,81.80656665294188,0.0,0.0,2.1746337926589607,3.12872972241221,5.90429693912658,0.9225174999768475,1.0,0.0,0.0,0.0,0.0,1.0,sim-7
Pedri#sim8,Midfielder,90.0,0.0,1.0391091684811524,3.8505447269087143,76.15722340828808,93.6917675350681,12.848411876344729,86.48061066356281,0.0,0.0,1.8956447784290469,3.1071258267382778,5.171405565986909,0.8548692722767568,1.0,0.0,0.0,0.0,0.0,1.0,sim-8
Pedri#sim9,Midfielder,90.0,0.0,0.9835227965047226,2.71335621280999,97.89832295897808,83.5051780676369,12.577229351456012,92.71847206700767,0.0,0.0,2.404164171642946,2.9491349293105498,4.800194417167022,1.2139811405836973,1.0,0.0,0.0,0.0,0.0,1.0,sim-9
Pedri#sim10,Midfielder,90.0,0.0,0.881145979116042,3.3141992372258224,76.00519738828216,91.14019644887546,12.25799710058175,88.01131414249082,0.0,0.0,1.4701475535232933,3.3051828245572756,3.189960619744176,1.0369738948530267,1.0,0.0,0.0,0.0,0.0,1.0,sim-10
Pedri#sim11,Midfielder,90.0,0.0,1.1793798792097128,2.463403146362499,73.71186981623558,100.0,15.9877484363831,115.66656669186415,0.0,0.0,1.642039360941757,3.356638985936156,6.5377567690109295,1.018406198736535,1.0,0.0,0.0,0.0,0.0,1.0,sim-11
Pedri#sim12,Midfielder,90.0,0.0,0.674161602204373,2.67453154396368,56.229519962155756,67.22411112069751,18.72025424280121,90.22391177903896,0.0,0.0,1.937766410320363,3.5208573684092404,5.965075911809167,1.0955249088444519,1.0,0.0,0.0,0.0,0.0,0.0,sim-12
Pedri#sim13,Midfielder,89.44150718643895,0.0,0.6119185589093118,2.5058326838810694,75.1315250610669,97.23305493037317,11.322517380036535,88.4527758217359,0.0,0.0,1.9656971166749835,2.747292790804882,5.320307956918736,1.0842075609237383,1.0,0.0,0.0,0.0,0.0,1.0,sim-13
Pedri#sim14,Midfielder,90.0,0.0,0.6745340715632657,3.833486142247859,73.23390000697451,62.84758177789246,12.45391348925403,97.94861404588494,0.0,0.0,2.504317469712668,2.4344649409527426,5.137994373624779,1.038049565508688,1.0,0.0,0.0,0.0,0.0,1.0,sim-14
Pedri#sim15,Midfielder,90.0,0.0,1.0387176644474265,3.4171714960946904,76.99483559250488,91.6234786014528,12.208766141534657,87.04755107481074,0.0,0.0,2.7943491105705447,2.7171626995877327,6.4560721406553885,1.1923231721039738,1.0,0.0,0.0,0.0,0.0,0.0,sim-15
Pedri#sim16,Midfielder,90.0,0.0,1.0574370701242433,3.6799220186407577,68.80343708653234,85.4650585147742,20.0,92.10279881336264,0.0,0.0,1.6606352307687176,3.5057474521626655,5.606472523675299,1.0229252456181674,1.0,0.0,0.0,0.0,0.0,1.0,sim-16
Pedri#sim17,Midfielder,90.0,0.0,1.121947271576451,2.5983150993683575,63.42861307569157,75.45503242849861,17.63683950440275,95.80536545510337,0.0,0.0,3.0125537293659406,2.077017903888516,5.202553292652723,0.8890884848485857,1.0,0.0,0.0,0.0,0.0,1.0,sim-17
Frenkie de Jong#sim0,Midfielder,90.0,0.0,0.0,0.0,92.58098943576202,97.02859665000697,8.721556008201285,64.74621689520438,0.0,0.0,0.0,2.7470501231342928,8.171800201392555,1.098816917333844,0.0,0.0,0.0,0.0,0.0,1.0,sim-0
Frenkie de Jong#sim1,Midfielder,90.0,0.0,0.0,0.0,64.86707812551208,94.62162679565718,14.548275801351421,94.36977523440139,0.0,0.0,0.0,3.329856254861861,5.531063532080403,1.142270825853911,0.0,0.0,0.0,0.0,0.0,1.0,sim-1
Frenkie de Jong#sim2,Midfielder,88.41120818977338,0.0,0.0,0.0,57.73363074585218,94.54107875036868,11.244786771923987,63.36285832209346,0.0,0.0,0.0,4.180366433865518,6.299472693707715,1.0873147180715432,0.0,0.0,0.0,0.0,0.0,1.0,sim-2
Frenkie de Jong#sim3,Midfielder,88.53888290328631,0.0,0.0,0.0,57.27971707748853,69.74483650699169,15.346029095116949,86.00046208775889,0.0,0.0,0.0,2.9704596041013933,7.258925857074525,0.8134152445234617,0.0,0.0,0.0,0.0,0.0,0.0,sim-3
Frenkie de Jong#sim4,Midfielder,90.0,0.0,0.0,0.0,57.535562279298745,95.41604155770226,12.65953550093951,85.79162457714128,0.0,0.0,0.0,2.002978013994941,5.508080251236797,1.074946266665012,0.0,0.0,0.0,0.0,0.0,1.0,sim-4
Frenkie de Jong#sim5,Midfielder,90.0,0.0,0.0,0.0,67.1610684340167,100.0,13.774065607398052,85.52071091693705,0.0,0.0,0.0,3.5243434214179614,4.293233536726822,1.0803990727502026,0.0,0.0,0.0,0.0,0.0,1.0,sim-5
Frenkie de Jong#sim6,Midfielder,77.8499718727741,0.0,0.0,0.0,56.266349757850946,46.803083875919405,12.093413722855445,84.25227160893263,0.0,0.0,0.0,3.697155689799433,6.282334045748366,1.1487533157807865,0.0,0.0,0.0,0.0,0.0,1.0,sim-6
Frenkie de Jong#sim7,Midfielder,90.0,0.0,0.0,0.0,80.75145456818801,93.29634372814111,7.491389239095895,86.34751408118119,0.0,0.0,0.0,3.539823970730874,5.025719970764465,0.7205486548059903,0.0,0.0,0.0,0.0,0.0,1.0,sim-7
Frenkie de Jong#sim8,Midfielder,90.0,0.0,0.0,0.0,42.21957862943596,89.93967358308528,15.036995052727738,65.20943838146366,0.0,0.0,0.0,3.4047067883195448,6.703663870295476,1.1118882363617748,0.0,0.0,0.0,0.0,0.0,1.0,sim-8
Frenkie de Jong#sim9,Midfielder,90.0,0.0,0.0,0.0,62.751683678505785,100.0,19.099346086955926,100.0470106768119,0.0,0.0,0.0,3.4260102570269497,4.811285834626891,0.9570814568235455,0.0,0.0,0.0,0.0,0.0,0.0,sim-9
Frenkie de Jong#sim10,Midfielder,90.0,0.0,0.0,0.0,48.51364956706635,84.43587561821482,14.735423935618005,70.26771449460308,0.0,0.0,0.0,2.9757025878727763,3.882286753652905,1.127074554405787,0.0,0.0,0.0,0.0,0.0,1.0,sim-10
Frenkie de Jong#sim11,Midfielder,79.56382634373954,0.0,0.0,0.0,70.39094837766037,81.41033633185907,11.074996370341673,55.57260262754542,0.0,0.0,0.0,2.710713968704524,5.026883248404651,1.283621966590719,0.0,0.0,0.0,0.0,0.0,1.0,sim-11
Frenkie de Jong#sim12,Midfielder,90.0,0.0,0.0,0.0,85.69168022751725,85.79803518250178,13.35837232736174,95.12248345586025,0.0,0.0,0.0,3.9839098195251346,4.356024782793257,1.184964592699688,0.0,0.0,0.0,0.0,0.0,0.0,sim-12
Frenkie de Jong#sim13,Midfielder,87.89827350834625,0.0,0.0,0.0,75.92069165145986,100.0,19.268723867128966,73.65179841024273,0.0,0.0,0.0,2.7110529371765755,5.564584308915547,1.0974035508792472,0.0,0.0,0.0,0.0,0.0,1.0,sim-13
Frenkie de Jong#sim14,Midfielder,58.95112102620499,0.0,0.0,0.0,52.66210534761288,81.32323238331627,11.29191877402639,72.73597821874154,0.0,0.0,0.0,2.7510458084863476,5.5321087308471375,1.0589943645913509,0.0,0.0,0.0,0.0,0.0,1.0,sim-14
Frenkie de Jong#sim15,Midfielder,85.46288824452982,0.0,0.0,0.0,66.56795355520858,91.41921168898335,12.850016768039987,80.52303352673468,0.0,0.0,0.0,3.440270678972682,5.242091698031875,1.1378719814907219,0.0,0.0,0.0,0.0,0.0,0.0,sim-15
Frenkie de Jong#sim16,Midfielder,90.0,0.0,0.0,0.0,72.84250847733597,100.0,15.291310954769521,100.63858043791956,0.0,0.0,0.0,2.6752111617581367,7.843309051652492,1.0389168417380839,0.0,0.0,0.0,0.0,0.0,1.0,sim-16
Frenkie de Jong#sim17,Midfielder,62.27413481236657,0.0,0.0,0.0,45.286226977685786,100.0,14.73153815117389,78.00441714768198,0.0,0.0,0.0,3.620058469238634,6.585570908582197,1.044042746587723,0.0,0.0,0.0,0.0,0.0,1.0,sim-17
Gavi#sim0,Midfielder,2.2272457981041733,0.0,0.0,0.0,0.0,40.0,0.7572252340142124,5.0,1.3637151457796497,0.0,0.0,0.0,0.0,0.0,0.0,0.0,0.0,0.0,0.0,1.0,sim-0
Gavi#sim1,Midfielder,2.1292243186345297,0.0,0.0,0.0,0.0,40.0,0.8600809210703093,5.395564529862286,0.6742689455948987,0.0,0.0,0.0,0.0,0.0,0.0,0.0,0.0,0.0,0.0,1.0,sim-1
Gavi#sim2,Midfielder,1.6432017263885539,0.0,0.0,0.0,0.0,40.0,0.8423580993583605,6.269145795771742,1.0556943111567865,0.0,0.0,0.0,0.0,0.0,0.0,0.0,0.0,0.0,0.0,1.0,sim-2
Gavi#sim3,Midfielder,1.8042381904330196,0.0,0.0,0.0,0.0,40.0,0.6816686869096094,5.0,1.14889110393182,0.0,0.0,0.0,0.0,0.0,0.0,0.0,0.0,0.0,0.0,1.0,sim-3
Gavi#sim4,Midfielder,1.7535598312952718,0.0,0.0,0.0,0.0,40.0,1.0321491924847837,6.319582537663113,0.8529772277313539,0.0,0.0,0.0,0.0,0.0,0.0,0.0,0.0,0.0,0.0,1.0,sim-4
Gavi#sim5,Midfielder,2.211910454625465,0.0,0.0,0.0,0.0,40.0,1.0750689016284076,5.0,1.0524169362036688,0.0,0.0,0.0,0.0,0.0,0.0,0.0,0.0,0.0,0.0,1.0,sim-5
Gavi#sim6,Midfielder,1.6370088009412658,0.0,0.0,0.0,0.0,40.0,0.7703073881266888,5.0,0.9964176992368147,0.0,0.0,0.0,0.0,0.0,0.0,0.0,0.0,0.0,0.0,1.0,sim-6
Gavi#sim7,Midfielder,1.9202253788006831,0.0,0.0,0.0,0.0,40.0,0.7941782106736974,6.158158036380953,0.6562426769656695,0.0,0.0,0.0,0.0,0.0,0.0,0.0,0.0,0.0,0.0,1.0,sim-7
Gavi#sim8,Midfielder,1.5996640684306875,0.0,0.0,0.0,0.0,40.0,0.5,5.272032396636916,0.9795962803888347,0.0,0.0,0.0,0.0,0.0,0.0,0.0,0.0,0.0,0.0,1.0,sim-8
Gavi#sim9,Midfielder,2.4643746915025666,0.0,0.0,0.0,0.0,40.0,0.8046691230743536,6.657130052984214,0.7724025349881015,0.0,0.0,0.0,0.0,0.0,0.0,0.0,0.0,0.0,0.0,0.0,sim-9
Gavi#sim10,Midfielder,2.2331266771022067,0.0,0.0,0.0,0.0,40.0,0.7598021317665957,5.0,1.134957799658462,0.0,0.0,0.0,0.0,0.0,0.0,0.0,0.0,0.0,0.0,1.0,sim-10
Gavi#sim11,Midfielder,1.4178946159406194,0.0,0.0,0.0,0.0,40.0,1.0918455446499102,5.743142277282779,1.1385812766294576,0.0,0.0,0.0,0.0,0.0,0.0,0.0,0.0,0.0,0.0,1.0,sim-11
Gavi#sim12,Midfielder,1.7620151255094296,0.0,0.0,0.0,0.0,40.0,0.8215677001250661,5.0,0.9190929826414532,0.0,0.0,0.0,0.0,0.0,0.0,0.0,0.0,0.0,0.0,1.0,sim-12
Gavi#sim13,Midfielder,2.314739964410863,0.0,0.0,0.0,0.0,40.0,0.8715829411718332,5.0,0.8858204211654018,0.0,0.0,0.0,0.0,0.0,0.0,0.0,0.0,0.0,0.0,1.0,sim-13
Gavi#sim14,Midfielder,2.2433523880904924,0.0,0.0,0.0,0.0,40.0,0.581345154836468,7.24453430515519,0.8352593701924017,0.0,0.0,0.0,0.0,0.0,0.0,0.0,0.0,0.0,0.0,1.0,sim-14
Gavi#sim15,Midfielder,2.208942547349097,0.0,0.0,0.0,0.0,40.0,0.9474581707367454,5.878385645264647,0.972076547884168,0.0,0.0,0.0,0.0,0.0,0.0,0.0,0.0,0.0,0.0,0.0,sim-15
Gavi#sim16,Midfielder,1.7179756205972168,0.0,0.0,0.0,0.0,40.0,0.8396496947473173,5.515018178168547,0.6681614648574323,0.0,0.0,0.0,0.0,0.0,0.0,0.0,0.0,0.0,0.0,1.0,sim-16
Gavi#sim17,Midfielder,2.270858143776564,0.0,0.0,0.0,0.0,40.0,0.770659170098389,5.0,0.8528394883006062,0.0,0.0,0.0,0.0,0.0,0.0,0.0,0.0,0.0,0.0,1.0,sim-17
Gerard Martin#sim0,Defender,66.29392067532886,0.0,0.0,0.0,28.935985442453294,75.2705034266952,4.555963309477318,38.42642512590673,0.9127018496328897,0.9127018496328897,1.9995969000807596,1.1953872207564802,0.0,2.7000552052136824,0.0,0.0,0.0,0.0,0.0,0.0,sim-0
Gerard Martin#sim1,Defender,49.50388588998222,0.0,0.0,0.0,25.19586123070914,56.76931085625229,5.484087479975383,30.299466157460827,1.1565416362050085,1.1565416362050085,2.380298810971118,1.7281210090098726,0.0,1.3638937166731804,0.0,0.0,0.0,0.0,0.0,1.0,sim-1
Gerard Martin#sim2,Defender,53.042496842075145,0.0,0.0,0.0,25.82505927270482,84.8013919460284,7.032822680065585,27.631041193546164,1.1358751406453278,0.9469776241609099,1.0942057295218044,1.2338589648851077,0.0,2.191240362293329,0.0,0.0,0.0,0.0,0.0,1.0,sim-2
Gerard Martin#sim3,Defender,48.57836698529358,0.0,0.0,0.0,21.055425133068525,100.0,5.7760383520471255,41.47673746201485,0.9904054835815922,0.9904054835815922,1.7897494400400773,2.04288461457186,0.0,1.7176669367905353,0.0,0.0,0.0,0.0,0.0,1.0,sim-3
Gerard Martin#sim4,Defender,58.613619426671875,0.0,0.0,0.0,30.851536549746623,77.99676749862967,7.257094753735639,39.0365933942784,1.2929322411036435,0.98937240088509,2.8604801758346494,1.8252573669509158,0.0,1.5643809741119477,0.0,0.0,0.0,0.0,0.0,1.0,sim-4
Gerard Martin#sim5,Defender,40.3978450459817,0.0,0.0,0.0,28.580613524648278,71.34964649665467,6.583506314174946,49.86656318627656,0.9364161354710305,0.9241924631217121,2.0427191011006385,2.355409047074027,0.0,1.772853825032433,0.0,0.0,0.0,0.0,0.0,1.0,sim-5
Gerard Martin#sim6,Defender,48.31706501514453,0.0,0.0,0.0,18.13230213421003,63.64718662794882,6.095457128436132,34.371042142878665,1.1029346528746078,0.7786886684752724,2.1285663234576755,2.39297010297589,0.0,2.050080226314173,0.0,0.0,0.0,0.0,0.0,1.0,sim-6
Gerard Martin#sim7,Defender,58.02457099654138,0.0,0.0,0.0,27.84040733934808,94.21805287557795,6.851469053948614,29.114293895867856,0.837363799616271,0.837363799616271,1.8375768713938108,1.5902023782940606,0.0,1.8291753438971459,0.0,0.0,0.0,0.0,0.0,1.0,sim-7
Gerard Martin#sim8,Defender,53.0761369987125,0.0,0.0,0.0,32.97139292771098,63.58817372280282,6.708390367642275,36.30882876496898,0.7172024063372888,0.7172024063372888,2.456344481889406,1.6914164946401253,0.0,1.3788724656772269,0.0,0.0,0.0,0.0,0.0,1.0,sim-8
Gerard Martin#sim9,Defender,51.254117689622596,0.0,0.0,0.0,24.665625566083115,88.08703217510077,7.104868043298084,30.810111161721775,1.1687278540455366,0.8588543871753265,2.6574353648864477,1.5918424308488979,0.0,1.7636650015452595,0.0,0.0,0.0,0.0,0.0,1.0,sim-9
Gerard Martin#sim10,Defender,55.287186835417415,0.0,0.0,0.0,18.41205900765822,64.02485066735755,6.055888436548011,42.657539223935466,1.2908768363491685,1.1403152957388611,2.103424673973091,2.2695729989536915,0.0,1.944836854307043,0.0,0.0,0.0,0.0,0.0,1.0,sim-10
Gerard Martin#sim11,Defender,58.44585425494452,0.0,0.0,0.0,20.863056180394928,79.99102999612825,6.509031215272109,30.78100700314512,1.0093297778187125,0.8877515482667153,1.8104575892541988,1.5950254321632245,0.0,2.383646662899217,0.0,0.0,0.0,0.0,0.0,1.0,sim-11
Gerard Martin#sim12,Defender,51.990398627482705,0.0,0.0,0.0,31.675429739548118,78.22851534255172,6.092873616794045,29.27331452456358,1.0753298334190693,0.9758751002543142,1.7810336974385768,1.720469213066589,0.0,1.9051481899355474,0.0,0.0,0.0,0.0,0.0,1.0,sim-12
Gerard Martin#sim13,Defender,59.43163967049558,0.0,0.0,0.0,18.866160148135478,89.36682809958312,6.53015011688372,41.15299183086222,1.0070763518843733,1.0070763518843733,1.365935814328684,2.310711506496328,0.0,2.2257594560536997,0.0,0.0,0.0,0.0,0.0,1.0,sim-13
Gerard Martin#sim14,Defender,42.21114184399082,0.0,0.0,0.0,18.115940410716544,55.80230115710821,4.95052464701698,35.54339916821753,0.7874930188443717,0.7874930188443717,2.3810790138110534,1.5313592945311365,0.0,2.3689124241502784,0.0,0.0,0.0,0.0,0.0,1.0,sim-14
Gerard Martin#sim15,Defender,52.544125898668845,0.0,0.0,0.0,21.63114727642312,75.55628190155187,5.74566690226947,39.436133292330645,0.8154677450000484,0.8154677450000484,2.16787835798135,1.5259069734921393,0.0,2.8042735090871833,0.0,0.0,0.0,0.0,0.0,0.0,sim-15
Gerard Martin#sim16,Defender,50.0328536180818,0.0,0.0,0.0,17.724087397987525,68.94015212621481,7.389022760407226,28.225683204605343,1.156557013689692,0.9127484629211811,2.196485753545983,2.395037902593032,0.0,2.3272974567969955,0.0,0.0,0.0,0.0,0.0,1.0,sim-16
Gerard Martin#sim17,Defender,59.39652329468673,0.0,0.0,0.0,24.802805374881718,90.51658735293054,5.763218297426327,26.14746452773515,1.173903342580739,0.9333332902610008,2.1231212446715677,1.766914605747373,0.0,1.684436663294049,0.0,0.0,0.0,0.0,0.0,1.0,sim-17
Alejandro Balde#sim0,Defender,36.41827405247416,0.0,0.0,0.0,17.05340863132261,100.0,3.755691787857767,23.2332972557557,0.0,0.0,0.796242440786147,0.0,0.6202088835616051,0.0,0.0,0.0,0.0,0.0,0.0,0.0,sim-0
Alejandro Balde#sim1,Defender,25.683671254951143,0.0,0.0,0.0,19.218282992925268,95.43790546858216,3.6346716771964336,26.3930791458998,0.0,0.0,1.079599971166588,0.0,0.920551183774129,0.0,0.0,0.0,0.0,0.0,0.0,1.0,sim-1
Alejandro Balde#sim2,Defender,36.96601828922762,0.0,0.0,0.0,18.1777906399076,100.0,3.8649078294127355,24.59712519804899,0.0,0.0,0.9708902194525756,0.0,1.204349451697574,0.0,0.0,0.0,0.0,0.0,0.0,1.0,sim-2
Alejandro Balde#sim3,Defender,37.58171489191619,0.0,0.0,0.0,20.06836827190439,90.33257811119584,2.6357815400286997,22.282871993104855,0.0,0.0,0.9555717168079145,0.0,0.805787706331246,0.0,0.0,0.0,0.0,0.0,0.0,1.0,sim-3
Alejandro Balde#sim4,Defender,35.57060241221896,0.0,0.0,0.0,20.233795115182676,97.77732214079704,4.582996878662688,20.51929752023274,0.0,0.0,0.8881368458360006,0.0,0.8164747885298602,0.0,0.0,0.0,0.0,0.0,0.0,1.0,sim-4
Alejandro Balde#sim5,Defender,34.18364001580936,0.0,0.0,0.0,19.081408969922762,65.76351239760807,2.9290692406422876,21.477608423121616,0.0,0.0,1.1125381475043037,0.0,0.8262977095396882,0.0,0.0,0.0,0.0,0.0,0.0,1.0,sim-5
Alejandro Balde#sim6,Defender,33.85665148969101,0.0,0.0,0.0,16.134671314215915,62.64926148345275,3.418543455912185,19.476563766288916,0.0,0.0,0.8373017278754425,0.0,0.6655163208197437,0.0,0.0,0.0,0.0,0.0,0.0,1.0,sim-6
Alejandro Balde#sim7,Defender,44.22726191880707,0.0,0.0,0.0,12.719190598243475,93.01739884269021,3.7328393907139823,19.222792013102854,0.0,0.0,1.169994856337249,0.0,1.2211109863001892,0.0,0.0,0.0,0.0,0.0,0.0,1.0,sim-7
Alejandro Balde#sim8,Defender,37.213587360712296,0.0,0.0,0.0,25.05249338516301,85.32225016712064,4.0669587733132015,18.47362284020285,0.0,0.0,1.0180305348388252,0.0,1.3465023043124533,0.0,0.0,0.0,0.0,0.0,0.0,1.0,sim-8
Alejandro Balde#sim9,Defender,39.988988325629585,0.0,0.0,0.0,22.5350852424434,100.0,4.507984062744811,30.314972403804358,0.0,0.0,0.8302312136135099,0.0,1.1389980659234509,0.0,0.0,0.0,0.0,0.0,0.0,1.0,sim-9
Alejandro Balde#sim10,Defender,22.39657058122609,0.0,0.0,0.0,18.90847417984221,100.0,4.385321347553363,18.3447093736839,0.0,0.0,0.9598920083637019,0.0,1.0033109588028375,0.0,0.0,0.0,0.0,0.0,0.0,1.0,sim-10
Alejandro Balde#sim11,Defender,35.62503533259281,0.0,0.0,0.0,16.56087856824869,86.2856790465761,4.163410941026465,30.22431042337842,0.0,0.0,1.1942768181577816,0.0,1.107044238046633,0.0,0.0,0.0,0.0,0.0,0.0,1.0,sim-11
Alejandro Balde#sim12,Defender,36.74001598418182,0.0,0.0,0.0,14.982193452675347,80.66353837106035,4.762584235254329,25.541187174132105,0.0,0.0,0.9891833954040763,0.0,1.1182273348096248,0.0,0.0,0.0,0.0,0.0,0.0,0.0,sim-12
Alejandro Balde#sim13,Defender,24.573031219807724,0.0,0.0,0.0,24.70519839225446,96.65829127213487,4.328452078824921,18.22968739980426,0.0,0.0,1.1553566416499634,0.0,1.0318688825517843,0.0,0.0,0.0,0.0,0.0,0.0,1.0,sim-13
Alejandro Balde#sim14,Defender,29.343507760305158,0.0,0.0,0.0,23.721713989036314,63.01752192515715,4.655667917130672,22.908239609684387,0.0,0.0,1.1046157861589654,0.0,1.1291906095750115,0.0,0.0,0.0,0.0,0.0,0.0,1.0,sim-14
Alejandro Balde#sim15,Defender,37.002514243030035,0.0,0.0,0.0,21.307747085291112,89.71518931205465,3.5530704644417344,15.800918560073537,0.0,0.0,1.100363651708467,0.0,1.1161030040767108,0.0,0.0,0.0,0.0,0.0,0.0,0.0,sim-15
Alejandro Balde#sim16,Defender,29.106096575538416,0.0,0.0,0.0,26.483566162479452,98.23250177038217,3.719529669924533,34.7686319038784,0.0,0.0,0.6805102519758292,0.0,1.1742842066268329,0.0,0.0,0.0,0.0,0.0,0.0,1.0,sim-16
Alejandro Balde#sim17,Defender,38.8134825181508,0.0,0.0,0.0,17.91401569190588,83.31711923186127,2.6593708497340423,27.722796694958546,0.0,0.0,1.0626765428700673,0.0,1.0590893131745855,0.0,0.0,0.0,0.0,0.0,0.0,1.0,sim-17
Inigo Martinez#sim0,Defender,90.0,0.0,0.0,0.0,47.65482002381888,83.73699045559296,10.46670152758773,49.898265518087264,0.9525537729715162,0.0,1.0427208586828924,0.0,4.31969343540187,1.2996596905746889,1.0,0.0,0.0,0.0,0.0,1.0,sim-0
Inigo Martinez#sim1,Defender,90.0,0.0,0.0,0.0,60.98958440797864,95.3148879880029,11.476384623643192,62.27564662144766,1.344778244483115,0.0,1.0007753756217688,0.0,6.434636013611003,0.9226949237389898,1.0,0.0,0.0,0.0,0.0,1.0,sim-1
Inigo Martinez#sim2,Defender,90.0,0.0,0.0,0.0,35.21523471645727,64.70495287009938,14.636525673165776,52.74765750709868,1.109951385604604,0.0,1.0143410930681616,0.0,6.606464446989217,1.024619341117006,1.0,0.0,0.0,0.0,0.0,1.0,sim-2
Inigo Martinez#sim3,Defender,90.0,0.0,0.0,0.0,41.14737623185021,100.0,9.264714180237428,56.81875045148065,0.9701829143768761,0.0,0.7791816277807055,0.0,5.0371481889542,0.866616655639799,1.0,0.0,0.0,0.0,0.0,1.0,sim-3
Inigo Martinez#sim4,Defender,85.4922889509938,0.0,0.0,0.0,54.783507579031465,73.64010391613368,9.126832164088164,73.99902577301164,1.0800895712580318,0.0,1.050553782770594,0.0,6.752124842088591,1.168319576984101,1.0,0.0,0.0,0.0,0.0,1.0,sim-4
Inigo Martinez#sim5,Defender,90.0,0.0,0.0,0.0,50.35699187304039,86.79516448014526,9.932576966108924,59.29016715172537,1.278000906061361,0.0,0.914665514794055,0.0,5.181779337494373,0.6924880192683974,1.0,0.0,0.0,0.0,0.0,1.0,sim-5
Inigo Martinez#sim6,Defender,90.0,0.0,0.0,0.0,61.365590116299735,82.19180934996324,9.834367177769037,62.6736702451472,0.7710660667898407,0.0,0.6783892131079161,0.0,6.820136025537202,1.054548690927889,1.0,0.0,0.0,0.0,0.0,1.0,sim-6
Inigo Martinez#sim7,Defender,82.88069108378038,0.0,0.0,0.0,64.59938775386685,71.2563080111513,9.037898020765194,70.38083311580091,0.9871899420064444,0.0,1.0675194694757544,0.0,4.979122923976754,1.2433026471148192,1.0,0.0,0.0,0.0,0.0,1.0,sim-7
Inigo Martinez#sim8,Defender,82.2744788268609,0.0,0.0,0.0,39.642170379107206,83.05856368963178,7.573743746293469,52.65142476281826,1.1510562439274075,0.0,0.9425609667004645,0.0,5.761691440899415,1.0542003700781248,1.0,0.0,0.0,0.0,0.0,1.0,sim-8
Inigo Martinez#sim9,Defender,90.0,0.0,0.0,0.0,65.16577564027706,74.40804562699645,10.67790373020815,67.14510390378153,1.2808631673774025,0.0,1.172585198081973,0.0,5.9311453938101,0.9620705837661827,1.0,0.0,0.0,0.0,0.0,1.0,sim-9
Inigo Martinez#sim10,Defender,74.3266607465212,0.0,0.0,0.0,67.91028388952797,90.04717867199248,11.92393315838463,63.38484921920605,0.9426388436961752,0.0,0.7511071293462472,0.0,6.319715723206027,1.3330833820918757,1.0,0.0,0.0,0.0,0.0,1.0,sim-10
Inigo Martinez#sim11,Defender,90.0,0.0,0.0,0.0,54.88963698940173,56.82012921946243,8.566034339192893,65.12092608923355,0.9265288283219882,0.0,0.781359701084459,0.0,4.72154017517499,1.2956921743487735,1.0,0.0,0.0,0.0,0.0,1.0,sim-11
Inigo Martinez#sim12,Defender,90.0,0.0,0.0,0.0,41.57093911320881,91.89737882942642,8.616542002821003,68.73878187866332,0.7656719046002024,0.0,0.9120371375866667,0.0,6.3496164072253904,1.2224409207389455,1.0,0.0,0.0,0.0,0.0,0.0,sim-12
Inigo Martinez#sim13,Defender,67.10101935682702,0.0,0.0,0.0,38.46259426883089,64.59533697369652,14.28150682247679,57.552996216775426,1.0577882816496704,0.0,1.1192547033606304,0.0,5.750455545708551,0.7087190914866894,1.0,0.0,0.0,0.0,0.0,1.0,sim-13
Inigo Martinez#sim14,Defender,90.0,0.0,0.0,0.0,51.627263255965175,80.81974698231157,9.53388033035588,67.59009047152186,1.0711311657067875,0.0,0.9430975230456723,0.0,6.719099745631253,1.0022524766958756,1.0,0.0,0.0,0.0,0.0,1.0,sim-14
Inigo Martinez#sim15,Defender,90.0,0.0,0.0,0.0,56.028073935809154,100.0,11.713149948444936,65.79678127222131,1.2664815461075234,0.0,0.9452186911147741,0.0,6.759267495769045,1.2226690975316443,1.0,0.0,0.0,0.0,0.0,1.0,sim-15
Inigo Martinez#sim16,Defender,90.0,0.0,0.0,0.0,34.53265046152894,73.97827738362935,12.711418500601866,57.64133934728654,0.8508024706959512,0.0,1.2412457921713291,0.0,5.50847327923824,0.9568952082790618,1.0,0.0,0.0,0.0,0.0,1.0,sim-16
Inigo Martinez#sim17,Defender,90.0,0.0,0.0,0.0,56.87809773113819,90.52390424789309,10.306539781171965,73.7087029883712,1.1395412536331286,0.0,0.9539848530913968,0.0,4.522825789299176,0.8549347998488155,1.0,0.0,0.0,0.0,0.0,1.0,sim-17
Pau Cubarsi#sim0,Defender,45.57615971354052,0.0,0.0,0.0,15.800726316751343,96.69568793141666,4.291408470726211,23.842925971369123,0.7744050527778706,0.0,0.0,0.0,1.4029896999545963,1.2573617414446754,0.0,0.0,0.0,0.0,0.0,1.0,sim-0
Pau Cubarsi#sim1,Defender,62.92449297112983,0.0,0.0,0.0,22.888251579565154,96.04621232505347,4.230584093001876,27.025206140482837,1.0351685648689837,0.0,0.0,0.0,0.8402697960395583,0.8263470802579584,0.0,0.0,0.0,0.0,0.0,1.0,sim-1
Pau Cubarsi#sim2,Defender,61.919557230387994,0.0,0.0,0.0,25.124267045282757,81.54088808963998,3.929766310127676,26.155514787699904,1.0165918793548299,0.0,0.0,0.0,0.8267265144845288,0.9731196573271305,0.0,0.0,0.0,0.0,0.0,1.0,sim-2
Pau Cubarsi#sim3,Defender,60.02296030940639,0.0,0.0,0.0,20.805247090302615,92.30499184903263,4.965816130412542,26.521691393923188,1.0440890608680042,0.0,0.0,0.0,1.032657651631065,1.0747503442477817,0.0,0.0,0.0,0.0,0.0,0.0,sim-3
Pau Cubarsi#sim4,Defender,54.384247136343966,0.0,0.0,0.0,9.536485613445358,74.71898300725195,4.170240879555366,24.521510923015516,1.1993819211070769,0.0,0.0,0.0,1.1847141402592354,0.9964435852295467,0.0,0.0,0.0,0.0,0.0,1.0,sim-4
Pau Cubarsi#sim5,Defender,48.285216407587335,0.0,0.0,0.0,19.783118128551838,93.83998569061512,4.842601054102801,25.93244427437861,1.1016893176384266,0.0,0.0,0.0,0.9366977116701071,1.1396354140809837,0.0,0.0,0.0,0.0,0.0,1.0,sim-5
Pau Cubarsi#sim6,Defender,49.520741618021496,0.0,0.0,0.0,21.65129578400785,96.15085983786979,3.9191073191900165,23.434818970584942,0.883792611557619,0.0,0.0,0.0,1.134432425914173,0.984115818947242,0.0,0.0,0.0,0.0,0.0,1.0,sim-6
Pau Cubarsi#sim7,Defender,55.28113404337058,0.0,0.0,0.0,18.653370438135717,66.94127037371462,4.736766321835213,26.28988580645051,1.6217283524039527,0.0,0.0,0.0,0.6686134898872877,1.0169776281485976,0.0,0.0,0.0,0.0,0.0,1.0,sim-7
Pau Cubarsi#sim8,Defender,47.54433041611382,0.0,0.0,0.0,22.335755470721235,97.29587644045498,4.858549045580598,20.52820646612063,0.7609721474811806,0.0,0.0,0.0,1.054747080313512,0.795233080834716,0.0,0.0,0.0,0.0,0.0,1.0,sim-8
Pau Cubarsi#sim9,Defender,48.478356884144944,0.0,0.0,0.0,19.090660809472592,50.881043162183296,3.8550158257542044,32.85390670080592,1.0142587086047452,0.0,0.0,0.0,1.0691801126764133,1.0719144560881242,0.0,0.0,0.0,0.0,0.0,1.0,sim-9
Pau Cubarsi#sim10,Defender,45.88656070515422,0.0,0.0,0.0,12.688376706294799,51.75039428306592,4.747242949984247,23.06777756143275,0.6419498371664909,0.0,0.0,0.0,0.9536827806521789,1.0015921552054503,0.0,0.0,0.0,0.0,0.0,1.0,sim-10
Pau Cubarsi#sim11,Defender,54.65858946452643,0.0,0.0,0.0,19.546810257932925,100.0,4.1776745349686095,34.88765096033879,1.097652779836399,0.0,0.0,0.0,1.0753836090760986,1.0715021295362186,0.0,0.0,0.0,0.0,0.0,1.0,sim-11
Pau Cubarsi#sim12,Defender,70.1902087569623,0.0,0.0,0.0,18.732589952543766,80.6406941950674,5.007882545502985,27.15131538531259,0.8472655044365246,0.0,0.0,0.0,0.9951479494416626,1.038761882791975,0.0,0.0,0.0,0.0,0.0,0.0,sim-12
Pau Cubarsi#sim13,Defender,48.03141274679298,0.0,0.0,0.0,22.896082475003595,76.36013960588313,4.725843078633944,32.43876323237599,0.9159779461521664,0.0,0.0,0.0,0.8561194364215048,1.0616764958550646,0.0,0.0,0.0,0.0,0.0,1.0,sim-13
Pau Cubarsi#sim14,Defender,59.968747993089124,0.0,0.0,0.0,16.774355895739973,67.68764812774293,5.628308355919905,14.659449520971075,1.1436146560502685,0.0,0.0,0.0,0.8714564034039908,0.8775875522748862,0.0,0.0,0.0,0.0,0.0,1.0,sim-14
Pau Cubarsi#sim15,Defender,56.753750034485954,0.0,0.0,0.0,23.43532501759633,79.0290630967799,4.131668463366176,32.32725190048695,0.8699751354038707,0.0,0.0,0.0,1.0467300426225785,1.3765004360911879,0.0,0.0,0.0,0.0,0.0,1.0,sim-15
Pau Cubarsi#sim16,Defender,55.71092286023802,0.0,0.0,0.0,14.92949627252907,100.0,3.9114440139360074,27.48669455455597,0.7307811548424339,0.0,0.0,0.0,1.1881116398388023,1.0849617223080532,0.0,0.0,0.0,0.0,0.0,1.0,sim-16
Pau Cubarsi#sim17,Defender,61.81951403718958,0.0,0.0,0.0,18.094088211677146,78.12088085722422,2.84239498858818,32.4518709737851,0.985400711821115,0.0,0.0,0.0,0.8391238591069949,0.5940683994746723,0.0,0.0,0.0,0.0,0.0,1.0,sim-17
Andreas Christensen#sim0,Defender,27.713348748271525,0.0,0.0,0.0,3.6775361835209486,100.0,1.4143795218269781,8.48815209508375,0.0,0.0,0.0,0.0,0.0,0.0,0.0,0.0,0.0,0.0,0.0,1.0,sim-0
Andreas Christensen#sim1,Defender,20.519521036251568,0.0,0.0,0.0,3.0464448101846404,100.0,1.4048220554074295,8.683735504922852,0.0,0.0,0.0,0.0,0.0,0.0,0.0,0.0,0.0,0.0,0.0,1.0,sim-1
Andreas Christensen#sim2,Defender,35.531821756708815,0.0,0.0,0.0,3.0880506857937933,99.1272897915282,1.218538524966489,7.012725931004102,0.0,0.0,0.0,0.0,0.0,0.0,0.0,0.0,0.0,0.0,0.0,1.0,sim-2
Andreas Christensen#sim3,Defender,28.69486355726907,0.0,0.0,0.0,4.977892585915585,100.0,1.513223003151027,5.952712620266054,0.0,0.0,0.0,0.0,0.0,0.0,0.0,0.0,0.0,0.0,0.0,1.0,sim-3
Andreas Christensen#sim4,Defender,39.18898453172373,0.0,0.0,0.0,3.3070197253496185,100.0,0.8133150307381463,7.9464884696952085,0.0,0.0,0.0,0.0,0.0,0.0,0.0,0.0,0.0,0.0,0.0,1.0,sim-4
Andreas Christensen#sim5,Defender,49.11147974456004,0.0,0.0,0.0,4.152721864814481,100.0,1.3172220622438147,9.564309320297166,0.0,0.0,0.0,0.0,0.0,0.0,0.0,0.0,0.0,0.0,0.0,1.0,sim-5
Andreas Christensen#sim6,Defender,37.13708135979912,0.0,0.0,0.0,4.280299881595175,100.0,1.3199644211285866,8.620718469343498,0.0,0.0,0.0,0.0,0.0,0.0,0.0,0.0,0.0,0.0,0.0,0.0,sim-6
Andreas Christensen#sim7,Defender,31.071405612082472,0.0,0.0,0.0,2.9285991443690658,100.0,1.0169445445266456,9.14759891364063,0.0,0.0,0.0,0.0,0.0,0.0,0.0,0.0,0.0,0.0,0.0,1.0,sim-7
Andreas Christensen#sim8,Defender,38.95179902891987,0.0,0.0,0.0,3.239503605281059,100.0,1.2969910039672288,8.107894993135366,0.0,0.0,0.0,0.0,0.0,0.0,0.0,0.0,0.0,0.0,0.0,1.0,sim-8
Andreas Christensen#sim9,Defender,28.402923113621195,0.0,0.0,0.0,4.761641033052813,100.0,0.8864402030734521,6.607817329520911,0.0,0.0,0.0,0.0,0.0,0.0,0.0,0.0,0.0,0.0,0.0,1.0,sim-9
Andreas Christensen#sim10,Defender,36.20143437329313,0.0,0.0,0.0,4.463786802749428,86.7866775734165,1.4062436491911015,7.672446616245434,0.0,0.0,0.0,0.0,0.0,0.0,0.0,0.0,0.0,0.0,0.0,1.0,sim-10
Andreas Christensen#sim11,Defender,28.504131349105073,0.0,0.0,0.0,3.74577064137918,100.0,1.3656055253153134,9.854815141177546,0.0,0.0,0.0,0.0,0.0,0.0,0.0,0.0,0.0,0.0,0.0,1.0,sim-11
Andreas Christensen#sim12,Defender,31.798870526556083,0.0,0.0,0.0,4.53467557064941,100.0,1.317054402856525,8.802651042358818,0.0,0.0,0.0,0.0,0.0,0.0,0.0,0.0,0.0,0.0,0.0,1.0,sim-12
Andreas Christensen#sim13,Defender,27.863243365650646,0.0,0.0,0.0,3.9698190528341644,100.0,1.5325623838698021,10.648882884064491,0.0,0.0,0.0,0.0,0.0,0.0,0.0,0.0,0.0,0.0,0.0,1.0,sim-13
Andreas Christensen#sim14,Defender,27.61125993951247,0.0,0.0,0.0,3.558249357311812,100.0,1.3254555656364018,7.9390811950314575,0.0,0.0,0.0,0.0,0.0,0.0,0.0,0.0,0.0,0.0,0.0,1.0,sim-14
Andreas Christensen#sim15,Defender,34.431436921609524,0.0,0.0,0.0,3.741802705452186,100.0,1.163698550801101,11.629820516707476,0.0,0.0,0.0,0.0,0.0,0.0,0.0,0.0,0.0,0.0,0.0,0.0,sim-15
Andreas Christensen#sim16,Defender,38.889347116857046,0.0,0.0,0.0,4.072649105305889,88.78187469796957,1.18123815824482,7.065262704840909,0.0,0.0,0.0,0.0,0.0,0.0,0.0,0.0,0.0,0.0,0.0,1.0,sim-16
Andreas Christensen#sim17,Defender,33.4253820217076,0.0,0.0,0.0,3.647306409815812,67.37340940176445,1.3942451417316346,9.044466650931142,0.0,0.0,0.0,0.0,0.0,0.0,0.0,0.0,0.0,0.0,0.0,1.0,sim-17
Eric Garcia#sim0,Defender,72.03799102035043,1.051728527735839,0.0,0.0,28.452379429222905,86.40191149785272,6.840770619143265,45.957052313456934,1.2033068163306255,0.942123558762293,0.0,1.0584732985319882,0.0,0.0,0.0,0.0,0.0,0.0,0.0,0.0,sim-0
Eric Garcia#sim1,Defender,88.2717514270542,0.9914041686720627,0.0,0.0,33.3587056796754,85.96985695053803,7.062630782224194,45.99939857157175,1.1355781716690156,0.7785531734322562,0.0,0.6852667546929658,0.0,0.0,0.0,0.0,0.0,0.0,0.0,1.0,sim-1
Eric Garcia#sim2,Defender,63.32046058466645,0.90166161546772,0.0,0.0,35.84288342625439,100.0,8.896424724443575,46.91463948903659,0.8219447611064779,0.8219447611064779,0.0,1.2881575222618764,0.0,0.0,0.0,0.0,0.0,0.0,0.0,1.0,sim-2
Eric Garcia#sim3,Defender,76.00976671376019,1.0056818201121847,0.0,0.0,28.796730864148966,92.11544737268855,7.399434888057097,31.67080965908222,0.7625745669396677,0.7625745669396677,0.0,1.104268566141786,0.0,0.0,0.0,0.0,0.0,0.0,0.0,1.0,sim-3
Eric Garcia#sim4,Defender,70.79815397445816,0.9233045973584082,0.0,0.0,33.91227589238711,100.0,6.702185677962441,33.479109972732175,1.3558555662603724,0.8911659274223597,0.0,0.9881554022070068,0.0,0.0,0.0,0.0,0.0,0.0,0.0,1.0,sim-4
Eric Garcia#sim5,Defender,85.0474295055352,0.7519417585238757,0.0,0.0,42.99470943879229,78.00506962710399,8.307481646815772,38.84867001482829,0.9185285908622901,0.9185285908622901,0.0,0.6598265213745786,0.0,0.0,0.0,0.0,0.0,0.0,0.0,1.0,sim-5
Eric Garcia#sim6,Defender,90.0,1.0726458526505984,0.0,0.0,24.599160050646287,69.31980623841393,7.253144509770223,50.87596009543521,1.1624261350843577,1.113510225247,0.0,1.004418969832718,0.0,0.0,0.0,0.0,0.0,0.0,0.0,0.0,sim-6
Eric Garcia#sim7,Defender,73.90520445233177,0.712727711270881,0.0,0.0,37.11125698910984,73.5386148083272,7.423830898517922,36.876433302612824,0.9401326010611277,0.9401326010611277,0.0,0.7862452163223088,0.0,0.0,0.0,0.0,0.0,0.0,0.0,1.0,sim-7
Eric Garcia#sim8,Defender,61.768905520915084,0.9025634160215832,0.0,0.0,32.29639738535728,94.12756603795009,6.851084906075327,45.79039194568804,1.2866911220835222,0.9690654161823404,0.0,1.1006866121153245,0.0,0.0,0.0,0.0,0.0,0.0,0.0,1.0,sim-8
Eric Garcia#sim9,Defender,70.82288135310252,0.6251965761466227,0.0,0.0,35.119523971658424,100.0,8.942376935480844,50.21768247253989,0.826826116587112,0.826826116587112,0.0,0.8604267176781364,0.0,0.0,0.0,0.0,0.0,0.0,0.0,1.0,sim-9
Eric Garcia#sim10,Defender,90.0,0.9392542474372091,0.0,0.0,25.951865792690015,64.98754232341847,8.787064277142512,53.47219469278361,1.0581236614728502,1.0581236614728502,0.0,1.1230531713063499,0.0,0.0,0.0,0.0,0.0,0.0,0.0,1.0,sim-10
Eric Garcia#sim11,Defender,63.78350850834079,1.0667094595883717,0.0,0.0,29.367711578677806,84.66934284818615,9.796045606649633,54.96967224622524,1.0638062118991822,0.9954470321983085,0.0,1.2033946709393601,0.0,0.0,0.0,0.0,0.0,0.0,0.0,1.0,sim-11
Eric Garcia#sim12,Defender,64.46932415717374,0.8805971005003972,0.0,0.0,31.01277429492776,77.00378999068428,7.475575081459572,40.75703282410205,0.8003373159514586,0.8003373159514586,0.0,0.967941375972466,0.0,0.0,0.0,0.0,0.0,0.0,0.0,0.0,sim-12
Eric Garcia#sim13,Defender,85.13003119544206,1.035247309818663,0.0,0.0,25.19469622128998,93.78442918617328,7.823109294575396,46.18304331604629,0.9109761612109106,0.9109761612109106,0.0,0.9881508180386939,0.0,0.0,0.0,0.0,0.0,0.0,0.0,1.0,sim-13
Eric Garcia#sim14,Defender,73.42478398767885,0.9460925396575093,0.0,0.0,35.43603466875312,62.233162335963215,5.136922095464053,47.363500869389576,0.8532484428169838,0.8532484428169838,0.0,0.7712284892669994,0.0,0.0,0.0,0.0,0.0,0.0,0.0,1.0,sim-14
Eric Garcia#sim15,Defender,66.2342290110164,1.196836225878928,0.0,0.0,31.391034281355537,46.01107826033776,7.151092706812341,42.652656006249146,1.148453694378634,0.6604651129629917,0.0,1.147707873099578,0.0,0.0,0.0,0.0,0.0,0.0,0.0,1.0,sim-15
Eric Garcia#sim16,Defender,77.0766615814017,0.8516261425208314,0.0,0.0,20.982163033070925,100.0,8.499220210266406,35.68956905956264,0.9994600641753029,0.9994600641753029,0.0,1.0266801573130262,0.0,0.0,0.0,0.0,0.0,0.0,0.0,1.0,sim-16
Eric Garcia#sim17,Defender,62.468792874471475,1.1443232637820806,0.0,0.0,32.19288350695329,92.82079430429906,4.521683035462034,51.05600573424131,0.8781417374298105,0.8781417374298105,0.0,0.9912081545678781,0.0,0.0,0.0,0.0,0.0,0.0,0.0,1.0,sim-17
Hector Fort#sim0,Defender,10.697326456135107,0.0,0.0,0.9602526186009407,7.8949463443536825,100.0,1.0963843020659392,6.943113740075937,0.0,0.0,0.0,0.0,0.0,0.0,0.0,0.0,0.0,0.0,0.0,0.0,sim-0
Hector Fort#sim1,Defender,16.75850603443859,0.0,0.0,1.0065807395921573,5.971155030992131,100.0,1.2390515033084122,7.625489783184801,0.0,0.0,0.0,0.0,0.0,0.0,0.0,0.0,0.0,0.0,0.0,1.0,sim-1
Hector Fort#sim2,Defender,9.671048961925587,0.0,0.0,0.9081175839348739,8.86698684912308,95.05746483120991,1.6587380753425425,8.379332376779109,0.0,0.0,0.0,0.0,0.0,0.0,0.0,0.0,0.0,0.0,0.0,1.0,sim-2
Hector Fort#sim3,Defender,6.285089141839403,0.0,0.0,0.6972749638070177,7.141990912523581,100.0,1.147909259049291,8.003094675815868,0.0,0.0,0.0,0.0,0.0,0.0,0.0,0.0,0.0,0.0,0.0,0.0,sim-3
Hector Fort#sim4,Defender,9.536302372967945,0.0,0.0,0.8370684897861564,6.119723157525308,57.74198799098576,1.0667888243047474,9.463505411658607,0.0,0.0,0.0,0.0,0.0,0.0,0.0,0.0,0.0,0.0,0.0,1.0,sim-4
Hector Fort#sim5,Defender,12.81315950799257,0.0,0.0,0.8060989825945435,7.2885021189371315,97.20999694386789,1.3296236621300745,8.158660032005155,0.0,0.0,0.0,0.0,0.0,0.0,0.0,0.0,0.0,0.0,0.0,1.0,sim-5
Hector Fort#sim6,Defender,11.880701338091416,0.0,0.0,0.7027880033700045,6.703962113244043,64.35276928739269,1.0904741512127203,7.432781303104204,0.0,0.0,0.0,0.0,0.0,0.0,0.0,0.0,0.0,0.0,0.0,1.0,sim-6
Hector Fort#sim7,Defender,16.16797517949587,0.0,0.0,1.0696891202409453,7.061645279096997,83.16387990529763,1.4178943638265578,7.551083011177445,0.0,0.0,0.0,0.0,0.0,0.0,0.0,0.0,0.0,0.0,0.0,1.0,sim-7
Hector Fort#sim8,Defender,14.845350019080616,0.0,0.0,1.0252973790852473,11.083986436990749,100.0,1.4077757032829943,6.7386688437223015,0.0,0.0,0.0,0.0,0.0,0.0,0.0,0.0,0.0,0.0,0.0,1.0,sim-8
Hector Fort#sim9,Defender,14.16329880250346,0.0,0.0,0.9811041967567601,5.101032850100545,55.94693621194692,1.507309864736432,6.91550087294102,0.0,0.0,0.0,0.0,0.0,0.0,0.0,0.0,0.0,0.0,0.0,1.0,sim-9
Hector Fort#sim10,Defender,10.672151065081282,0.0,0.0,1.0682819828525105,5.809439081821152,75.4419903657089,1.551983771458605,10.549948719287691,0.0,0.0,0.0,0.0,0.0,0.0,0.0,0.0,0.0,0.0,0.0,1.0,sim-10
Hector Fort#sim11,Defender,15.312585503260221,0.0,0.0,1.3247074869855162,7.169620489766472,82.5986119033524,1.6534272307435656,9.026819765866286,0.0,0.0,0.0,0.0,0.0,0.0,0.0,0.0,0.0,0.0,0.0,1.0,sim-11
Hector Fort#sim12,Defender,11.467544199334665,0.0,0.0,1.2930137143649314,9.548462649877775,74.67497103909581,1.4560578057681617,8.804668907084935,0.0,0.0,0.0,0.0,0.0,0.0,0.0,0.0,0.0,0.0,0.0,1.0,sim-12
Hector Fort#sim13,Defender,8.277308839228775,0.0,0.0,0.7864393639253398,8.806863038771798,95.44126841691772,1.3228584392218754,7.186683174412506,0.0,0.0,0.0,0.0,0.0,0.0,0.0,0.0,0.0,0.0,0.0,1.0,sim-13
Hector Fort#sim14,Defender,12.242021411007192,0.0,0.0,0.90099719589294,9.2864909396505,87.58383735437695,1.7565859564720636,9.080289619922699,0.0,0.0,0.0,0.0,0.0,0.0,0.0,0.0,0.0,0.0,0.0,1.0,sim-14
Hector Fort#sim15,Defender,13.887699872021043,0.0,0.0,0.7746666018076159,6.667264277810253,72.84299401364018,1.2659575022534872,10.31035039429091,0.0,0.0,0.0,0.0,0.0,0.0,0.0,0.0,0.0,0.0,0.0,1.0,sim-15
Hector Fort#sim16,Defender,13.011598671001225,0.0,0.0,0.7146541679306022,7.03874821115398,70.40754416451125,1.4510157529834613,9.119191812496823,0.0,0.0,0.0,0.0,0.0,0.0,0.0,0.0,0.0,0.0,0.0,1.0,sim-16
Hector Fort#sim17,Defender,12.90610970474021,0.0,0.0,0.8767749360109861,7.124633503241521,100.0,1.8776155301563635,5.829227072318565,0.0,0.0,0.0,0.0,0.0,0.0,0.0,0.0,0.0,0.0,0.0,1.0,sim-17
Wojciech Szczesny#sim0,Goalkeeper,89.14206964865895,0.0,0.0,0.0,22.859132348892068,100.0,5.299193360643079,29.88584252061546,0.0,0.0,0.0,0.0,0.0,0.0,0.0,0.0,2.3237231858519993,0.0,0.0,0.0,sim-0
Wojciech Szczesny#sim1,Goalkeeper,74.20117174960731,0.0,0.0,0.0,24.539118031888854,99.37928766874377,4.8745468285876585,28.331213569914272,0.0,0.0,0.0,0.0,0.0,0.0,0.0,0.0,2.2414211517823115,0.0,0.0,1.0,sim-1
Wojciech Szczesny#sim2,Goalkeeper,90.0,0.0,0.0,0.0,18.91847760353086,74.12553286377434,4.914077523492068,17.861607572251234,0.0,0.0,0.0,0.0,0.0,0.0,0.0,0.0,1.8225112680623294,0.0,0.0,1.0,sim-2
Wojciech Szczesny#sim3,Goalkeeper,90.0,0.0,0.0,0.0,23.70841153991946,91.72875902255414,5.522992677985176,31.06897511603135,0.0,0.0,0.0,0.0,0.0,0.0,0.0,0.0,2.2442250351067883,0.0,0.0,1.0,sim-3
Wojciech Szczesny#sim4,Goalkeeper,87.40189849768673,0.0,0.0,0.0,22.057414615170675,84.62561948869612,4.483407761070397,34.404528211187866,0.0,0.0,0.0,0.0,0.0,0.0,0.0,0.0,2.0477250955624346,0.0,0.0,1.0,sim-4
Wojciech Szczesny#sim5,Goalkeeper,88.9443817861208,0.0,0.0,0.0,24.397221594709993,69.7856884206673,5.816162246737507,30.118241543592628,0.0,0.0,0.0,0.0,0.0,0.0,0.0,0.0,2.584922614363926,0.0,0.0,1.0,sim-5
Wojciech Szczesny#sim6,Goalkeeper,77.4742391071454,0.0,0.0,0.0,22.48526212168555,88.2048141403127,5.951464224342007,29.082705893245883,0.0,0.0,0.0,0.0,0.0,0.0,0.0,0.0,2.139498505213206,0.0,0.0,1.0,sim-6
Wojciech Szczesny#sim7,Goalkeeper,90.0,0.0,0.0,0.0,18.890914176961633,86.20867441067797,5.307904040537893,36.215525910961524,0.0,0.0,0.0,0.0,0.0,0.0,0.0,0.0,2.4831856261183587,0.0,0.0,1.0,sim-7
Wojciech Szczesny#sim8,Goalkeeper,69.56979555217642,0.0,0.0,0.0,24.94388055944552,99.32951991465218,4.508373175540712,27.188438111773717,0.0,0.0,0.0,0.0,0.0,0.0,0.0,0.0,2.068312362018555,0.0,0.0,1.0,sim-8
Wojciech Szczesny#sim9,Goalkeeper,90.0,0.0,0.0,0.0,30.941200593763103,54.59076125926685,6.558472375323391,15.532487581107322,0.0,0.0,0.0,0.0,0.0,0.0,0.0,0.0,1.3298996881204321,0.0,0.0,0.0,sim-9
Wojciech Szczesny#sim10,Goalkeeper,57.79641156045819,0.0,0.0,0.0,23.182946266962002,91.2334247882485,3.8241552064343254,35.33637680275745,0.0,0.0,0.0,0.0,0.0,0.0,0.0,0.0,2.087927027563006,0.0,0.0,1.0,sim-10
Wojciech Szczesny#sim11,Goalkeeper,88.45293121238376,0.0,0.0,0.0,25.16472182103888,76.68505492020574,5.507958177219761,31.157664973026055,0.0,0.0,0.0,0.0,0.0,0.0,0.0,0.0,2.6823381051716,0.0,0.0,1.0,sim-11
Wojciech Szczesny#sim12,Goalkeeper,61.910457067679474,0.0,0.0,0.0,19.290192335808275,100.0,4.823956337269425,29.498835861755282,0.0,0.0,0.0,0.0,0.0,0.0,0.0,0.0,2.412053601977857,0.0,0.0,1.0,sim-12
Wojciech Szczesny#sim13,Goalkeeper,90.0,0.0,0.0,0.0,26.590132710423735,40.0,5.50489797211799,45.34239665367086,0.0,0.0,0.0,0.0,0.0,0.0,0.0,0.0,2.006030255265827,0.0,0.0,1.0,sim-13
Wojciech Szczesny#sim14,Goalkeeper,62.29041759691294,0.0,0.0,0.0,14.067713298389908,85.69559006613267,6.420680158429305,31.236487256124384,0.0,0.0,0.0,0.0,0.0,0.0,0.0,0.0,2.210069033060003,0.0,0.0,1.0,sim-14
Wojciech Szczesny#sim15,Goalkeeper,60.53612414019253,0.0,0.0,0.0,24.606886862495866,90.17931783391764,6.185557087219742,37.40860376607836,0.0,0.0,0.0,0.0,0.0,0.0,0.0,0.0,1.7855468208511738,0.0,0.0,0.0,sim-15
Wojciech Szczesny#sim16,Goalkeeper,82.10872387155844,0.0,0.0,0.0,27.98365811352535,94.17369871962308,5.099619343620716,37.19598162575464,0.0,0.0,0.0,0.0,0.0,0.0,0.0,0.0,1.5738075694496094,0.0,0.0,1.0,sim-16
Wojciech Szczesny#sim17,Goalkeeper,90.0,0.0,0.0,0.0,27.664166843324857,85.63170702319837,4.739777966445503,37.277125223231906,0.0,0.0,0.0,0.0,0.0,0.0,0.0,0.0,2.2523729696739583,0.0,0.0,1.0,sim-17
ATT-synth-0,Attacker,64.56673543866113,1.15501931985973,0.5156447425615213,1.8681045708104653,41.24518181279724,87.0966099266154,9.144790216058706,61.04249461165534,4.771036216759805,1.345083767701232,2.1362763114857337,2.798227136804505,2.21923181238833,1.085422721489541,0.0,0.0,0.0,0.0,0.2637034690364052,1.0,arch-Attacker-0
ATT-synth-1,Attacker,90.0,1.0826407490038017,0.5191932155176399,1.806611855975474,29.460493345409052,81.94520452088793,6.377407330426502,47.813376474951994,2.0213343331106435,1.8473912804374675,1.6146603701639166,2.9740077364402655,1.2866532893511105,0.8544116001346067,0.0,0.0,0.0,0.0,0.5915888678461695,1.0,arch-Attacker-1
ATT-synth-2,Attacker,90.0,1.3709123644568093,0.5944939206571507,3.13069494140941,35.511065001731595,90.6470338403377,5.090744805927795,39.481748086316905,3.725145895969516,1.792357882775962,1.98932679046472,3.852651475087922,2.6576183143721406,1.2997926171693015,0.0,0.0,0.0,0.0,0.2938667085801002,1.0,arch-Attacker-2
ATT-synth-3,Attacker,90.0,1.8053428114817676,0.6265845217902167,4.029876720995567,29.242648578619356,78.43836577499785,5.441219824157008,63.88203425365959,3.497874871059521,1.2573571352217274,2.640615281881286,3.868667001596968,2.5660256836053392,0.9094522164862547,0.0,0.0,0.0,0.0,0.5460183193998008,1.0,arch-Attacker-3
ATT-synth-4,Attacker,90.0,1.1295601817656744,0.7243067109193463,3.5662126741929834,41.98802288338934,100.0,8.051348907316,47.29133432430099,4.576069503561391,2.1277404357266425,2.216884561107226,3.3408989039016084,2.025698927158546,0.9180272343421969,0.0,0.0,0.0,0.0,0.5065765094889226,0.0,arch-Attacker-4
ATT-synth-5,Attacker,90.0,1.6873493537870268,0.6305046787043566,2.858971427049522,26.925147744809735,88.29636425404318,8.62793030499843,50.72830484064359,4.13775369227713,1.6694708562726182,1.8529237825772178,2.8181274059414747,2.8536810068357767,1.6776366922115957,0.0,0.0,0.0,0.0,0.6119725638796571,1.0,arch-Attacker-5
ATT-synth-6,Attacker,88.65566165658495,1.3586806640873696,0.49618707650574456,2.347423267654613,27.859338161369422,47.10778139199887,5.677379590554808,35.980424234029265,4.764108223683774,1.592008105714656,2.3055306000369713,1.6202587576481517,1.2582166569741984,1.1658038600641238,0.0,0.0,0.0,0.0,0.3889269219053797,0.0,arch-Attacker-6
ATT-synth-7,Attacker,36.69497535992608,1.4086131443581946,0.328775592960939,2.76673057638594,26.552594855136743,80.53075528800595,6.176627447343526,59.75676386870625,2.5516421620296192,1.9656139735870275,1.7953748466949087,1.9479819919476826,2.797468411670349,0.9831643367977118,0.0,0.0,0.0,0.0,0.5151297424579467,1.0,arch-Attacker-7
ATT-synth-8,Attacker,90.0,1.2528877863289378,0.5700180619352538,2.4684018525908504,37.13214459974827,78.07225434055076,7.210005457403651,42.94366042982891,3.446234846163838,0.9742140014839632,1.6248123458367605,4.123815206737742,1.8967003697162517,1.1761029171390245,0.0,0.0,0.0,0.0,0.5226199946776414,1.0,arch-Attacker-8
ATT-synth-9,Attacker,90.0,1.2729052684044577,0.5529086317878222,1.8961341424547267,17.710997387250053,82.36590778782713,11.226881920450719,52.53958095926298,2.617238393907174,1.584418772639401,1.973328518876636,3.6480327195556725,2.303366588705863,0.2535443664725191,0.0,0.0,0.0,0.0,0.5513713886287515,0.0,arch-Attacker-9
ATT-synth-10,Attacker,90.0,1.42900165425948,0.6070464294449246,1.9577352311080949,21.144353970674956,98.00567656581444,4.977554627008191,63.30588076023973,3.8348008408695633,1.4640620626339285,1.1459561472933375,2.88996252740356,2.306792758005688,0.6658974780370047,0.0,0.0,0.0,0.0,0.22471790387768048,1.0,arch-Attacker-10
ATT-synth-11,Attacker,90.0,1.3169420161615566,0.5547478835803731,2.1026234021577306,25.879519442660506,88.60424133439916,6.385512389081168,59.46779772562976,6.133160518003324,1.4767937868272267,1.3278025983583475,1.9914414402626905,2.388282775855788,0.9850634552598891,0.0,0.0,0.0,0.0,0.4084369930845064,0.0,arch-Attacker-11
ATT-synth-12,Attacker,59.56259494725623,1.7968078675744834,0.585542727966227,2.9028213054263725,24.241916069904406,57.48740747139345,7.53223897816413,63.764906667239984,3.4792682086017166,1.1735505102264692,2.077732122184572,3.374266950538308,2.8214240844265914,1.0884376195931238,0.0,0.0,0.0,0.0,0.3645129637992937,0.0,arch-Attacker-12
ATT-synth-13,Attacker,90.0,1.2238488189274348,0.2110925226896597,3.7846730366366366,21.74009597092511,100.0,5.101517038697368,39.84498551804329,1.7971506174903702,1.6357968659785116,1.4493715895943837,2.1952498844262345,1.3137428914128013,1.1943387656844657,0.0,0.0,0.0,0.0,0.33883310032475605,1.0,arch-Attacker-13
ATT-synth-14,Attacker,73.97453709277498,1.3393349872486262,0.7525532709627286,3.119416681769687,22.100314094476726,97.47012414014849,7.911829725784406,45.94253880128731,3.291488513181082,1.290024077114418,2.8711569230981167,3.230558074870518,2.0873059237506024,0.9344382853657633,0.0,0.0,0.0,0.0,0.4732194320786362,0.0,arch-Attacker-14
ATT-synth-15,Attacker,90.0,1.6356264396117943,0.40295578364937545,1.7949082893174582,24.617890112918854,69.48248657789732,11.99693174949186,62.52136525018548,4.944322352118264,1.4008628649324748,1.8568432966065929,1.9112209396759512,2.3908701140239086,1.1227636512021963,0.0,0.0,0.0,0.0,0.6114871969383869,1.0,arch-Attacker-15
ATT-synth-16,Attacker,90.0,1.193851331348151,0.4412044098069455,1.1971214045912084,27.044684016851527,100.0,11.349369333482791,54.442202633376205,5.962005663842247,1.4838970938912206,2.4766517758213906,2.6615768333201792,1.7427005803579256,0.8306227207798409,0.0,0.0,0.0,0.0,0.35250353979841553,0.0,arch-Attacker-16
ATT-synth-17,Attacker,90.0,0.701739937259375,0.5468328006035577,1.8535263936914383,34.91836418848064,83.58857417223156,6.72686134524033,50.90716350738774,3.5225813785922915,2.105342285390586,2.273479757508019,3.5023675656873285,0.6665412609835513,0.9833028302927973,0.0,0.0,0.0,0.0,0.3498100667601598,1.0,arch-Attacker-17
ATT-synth-18,Attacker,90.0,0.9696613320805691,0.6051236915311183,0.8703965443321976,20.405270875803964,78.71065265361304,9.691350736906644,25.73357349253324,3.6188446922975706,1.8786321519445583,1.274273337813364,3.17188712608813,2.032987251553002,1.4285950800891505,0.0,0.0,0.0,0.0,0.47238959918114265,0.0,arch-Attacker-18
ATT-synth-19,Attacker,90.0,1.366248445524652,0.48769765372069857,2.5854370020795074,38.433091298703665,61.78836887345255,8.290333560794025,47.58549153826714,3.9369949841632232,0.8885033916564747,2.705381427156102,2.4192360743338623,2.5130359850767663,0.8446558479881222,0.0,0.0,0.0,0.0,0.59514381872579,1.0,arch-Attacker-19
ATT-synth-20,Attacker,84.82218791097358,1.0015126822608542,0.735609742395039,2.066616668020405,38.39609441456497,71.84123371776343,8.041017128032669,59.48410025817918,4.023864421189582,1.3882843821430086,1.9849882760957642,3.6703637651681875,1.6685738889316473,0.9684407481816838,0.0,0.0,0.0,0.0,0.4804326777856131,0.0,arch-Attacker-20
ATT-synth-21,Attacker,57.02136964101729,0.8889819459723944,0.520399966539136,3.209893655531331,27.76811758446593,68.54943830249373,10.45306949121319,69.38971416115326,5.255382460907761,1.1800912510368158,1.7523756899031722,4.360302052736039,2.120569846000011,0.9330932337759803,0.0,0.0,0.0,0.0,0.6158200086521323,0.0,arch-Attacker-21
ATT-synth-22,Attacker,85.26234097030546,0.8656831040847853,0.4524629254609784,2.14806245157481,31.339836765156296,71.72055874155637,6.7031637500631875,50.64443204156199,2.8530372717335704,1.6608012066877165,2.565693380979155,2.9405969692589915,1.8986755033498959,1.0933600883038923,0.0,0.0,0.0,0.0,0.4851093707854587,1.0,arch-Attacker-22
ATT-synth-23,Attacker,90.0,0.5533179364249349,0.684509825649412,4.1074563407760465,32.35708732731626,55.48526269120089,8.563659248837228,33.991409358236666,5.232803689268859,1.141544029489528,2.0371218173460117,2.3566649985061146,1.7267759712260045,1.3715376614651238,0.0,0.0,0.0,0.0,0.34358992080966416,1.0,arch-Attacker-23
ATT-synth-24,Attacker,90.0,1.0318945522733396,0.8355815401078522,2.051562236107358,26.333917939840845,56.94825395342359,9.981523469135713,76.2188826755571,2.2381830390638022,1.370189224261988,2.6323899235250177,1.914790858930799,2.283341953485543,1.3053680500518927,0.0,0.0,0.0,0.0,0.4922540983706896,1.0,arch-Attacker-24
ATT-synth-25,Attacker,90.0,0.7884673326627094,0.5621138943013196,2.5641811068465414,24.47898241096872,83.45649516787292,13.129026636585516,48.48001762066822,3.5645943725726106,1.880749434143195,2.119791822072761,4.0795018284085325,2.082343809909859,0.9378941980072417,0.0,0.0,0.0,0.0,0.3297188150165675,1.0,arch-Attacker-25
ATT-synth-26,Attacker,85.64273950318902,1.1267439242694992,0.4734217387193492,2.8889117176688788,22.368515263203122,58.78512892063733,10.376699841210698,54.43276450968778,3.765070571751728,1.7405373692751438,2.0044659365553494,3.287259862838763,1.5915760488122725,1.5175996522276556,0.0,0.0,0.0,0.0,0.591777937378267,1.0,arch-Attacker-26
ATT-synth-27,Attacker,90.0,1.753931955273432,0.5611960531137213,2.521691291963826,24.33587350263892,71.24449308239055,11.422845597864981,37.44706842337245,3.057881178149228,2.1040878511553913,2.3122742129441813,4.590277686781894,1.7747806810870734,1.0315702843093923,0.0,0.0,0.0,0.0,0.5404342604365423,0.0,arch-Attacker-27
ATT-synth-28,Attacker,76.70475810225712,0.9315738037895701,0.7091569368049141,1.768068758935371,31.5832713843447,100.0,10.971042977288597,31.185900716616832,3.463261939656697,1.6580440277082518,1.9648590389928249,1.9504457112881843,2.1926579757367457,0.9974957762209251,0.0,0.0,0.0,0.0,0.37149883776293646,1.0,arch-Attacker-28
ATT-synth-29,Attacker,64.65540457091916,1.2072232219451735,0.39276312397063834,2.3867376085590752,33.858459499368884,69.51830926684518,7.501930588112394,35.87755752129935,3.351641586375074,2.159291593580377,2.0364624458585663,2.2482691750120516,1.8426140250410041,0.6006430947083594,0.0,0.0,0.0,0.0,0.488081520187993,1.0,arch-Attacker-29
ATT-synth-30,Attacker,90.0,0.39822372533417966,0.6307408985480362,2.469383444961905,38.40227225460603,96.81124818619054,5.732616628906399,65.52673273284475,3.737685474419005,1.160830040138983,2.098551625435601,2.847922983252136,2.769232657014262,1.0851555071228025,0.0,0.0,0.0,0.0,0.6774329341018692,0.0,arch-Attacker-30
ATT-synth-31,Attacker,90.0,1.1727311579753583,0.6049869774516992,3.5759855733105717,39.35346889568662,77.8405717649952,7.092896845388767,68.28966875260622,4.800418357915214,1.618342970324011,1.8390636449050277,3.248772434035945,1.9891457700561488,0.833915455106751,0.0,0.0,0.0,0.0,0.6611040490388737,0.0,arch-Attacker-31
ATT-synth-32,Attacker,79.12972181420261,1.4267464512565116,0.611694209619006,1.7276587633962803,32.709105649484215,80.84956699866049,13.187096004138615,68.215885790982,4.711150156934524,1.5934389379830671,2.081861127529009,2.247232947275169,1.1305063864000446,0.7818602227296088,0.0,0.0,0.0,0.0,0.4730716808143178,1.0,arch-Attacker-32
ATT-synth-33,Attacker,90.0,1.398643584447181,0.5159548834652775,2.457282632273773,27.801806650434134,63.02486904206705,6.461739564512291,62.63155025408391,3.580215622483184,1.0894888548634234,1.9784298279652786,3.0885073148468427,1.0136478879030824,0.9898134105457017,0.0,0.0,0.0,0.0,0.6811167530938567,1.0,arch-Attacker-33
ATT-synth-34,Attacker,90.0,1.2489210623798102,0.7460610440146997,2.150477229128129,28.753804236464784,65.36931095997288,8.795969115125763,41.85113639975225,3.313071500138282,1.655052484914564,1.9311442796097165,1.55435914821244,1.2722215393439553,0.7131833771346341,0.0,0.0,0.0,0.0,0.5941002278677214,1.0,arch-Attacker-34
ATT-synth-35,Attacker,89.45568531819416,1.5298055226862968,0.7379119187610149,2.7350596047212443,36.897503096021,40.0,7.4190736517191,46.177619179353364,5.1526828774815705,2.0892731238565387,1.2749103148948686,4.058375380611957,1.4142774069868655,0.7146961886097943,0.0,0.0,0.0,0.0,0.5849253030908252,0.0,arch-Attacker-35
ATT-synth-36,Attacker,75.78907424222037,1.1881251855082653,0.5954359252646035,3.5549971509177904,8.160286521567473,59.339585194712484,8.011081685583596,36.43037206355621,3.7416796427288825,1.452721673861284,1.6711569456037656,3.048351694577004,2.314074638878907,0.9409333887422495,0.0,0.0,0.0,0.0,0.5576942397451599,1.0,arch-Attacker-36
ATT-synth-37,Attacker,90.0,1.5510199212658966,0.4483494309427637,2.2678833492578585,19.302790587798135,64.24877142587815,10.504210849017184,68.59363222403118,2.8518667051955404,1.3281458743810186,1.9619021639880254,3.439204231357336,1.1200948682317537,0.5992499796178904,0.0,0.0,0.0,0.0,0.5519582462416397,1.0,arch-Attacker-37
ATT-synth-38,Attacker,77.22766972023997,1.4533712579149438,0.6427808889548636,2.0956146112803378,28.264060276775666,85.47179594179576,11.436474482902764,59.82904585364474,5.214556855953944,1.2710222263876387,1.7379085468724986,2.8234650053902577,1.928213676680918,0.7479937605492775,0.0,0.0,0.0,0.0,0.5278623953754797,1.0,arch-Attacker-38
ATT-synth-39,Attacker,81.90470219455452,1.1825884416282613,0.6935463149417477,2.1072264992611665,10.500484931423227,56.906855505183046,7.877904028578185,50.79855281879164,5.683748122624984,1.718529915246787,2.0407651396157447,2.9757065424139215,2.5520916910848466,0.8524723869606404,0.0,0.0,0.0,0.0,0.41155958799950676,1.0,arch-Attacker-39
MID-synth-0,Midfielder,90.0,0.2811960815458293,0.4331911722859249,1.6728631570078343,70.50813086266811,81.94377871775959,10.638726795711761,53.278764898891886,1.0194101441317924,0.2864082420906069,0.9195879128395088,2.099385338744359,5.935002828419872,1.1753913679851171,0.22763642504498816,0.0,0.0,0.0,0.0,0.0,arch-Midfielder-0
MID-synth-1,Midfielder,90.0,0.22759074915661018,0.29237601387412226,2.4097030604323977,57.29076282530502,71.16674280246245,8.718458576107684,88.460719494608,1.3437269278669919,0.26976946042453914,0.9461091563343546,2.535815919944536,2.73694286955211,1.4917171607281667,0.3222050151163185,0.0,0.0,0.0,0.0,0.0,arch-Midfielder-1
MID-synth-2,Midfielder,90.0,0.2915572569774007,0.38613659822500546,1.913907419352438,73.36524385063915,63.36627012528116,7.061298933090059,119.85485601670639,0.839393330072891,0.2896985259810358,0.9005511485436068,2.274043852041071,7.215987403863805,1.144983460432321,0.12408174262300045,0.0,0.0,0.0,0.0,0.0,arch-Midfielder-2
MID-synth-3,Midfielder,90.0,0.43654744479042906,0.4689683084209778,2.2194863202090924,44.98085764113172,100.0,10.505422729696889,58.25529356823293,0.927666252936754,0.26506889936959777,0.9187101492490615,2.4748399514081796,4.018365509205334,1.433755749943469,0.13374701835873234,0.0,0.0,0.0,0.0,0.0,arch-Midfielder-3
MID-synth-4,Midfielder,90.0,0.4124870097921608,0.6488155881194553,1.797571833829076,67.994147364074,72.40324784246185,9.025349062275916,57.07398188542662,0.8906066732539677,0.3187204223261207,0.5220462100621238,1.976823148709617,6.895031405686906,1.2804777672685312,0.17074079617366672,0.0,0.0,0.0,0.0,1.0,arch-Midfielder-4
MID-synth-5,Midfielder,50.006759317317744,0.36886096689058745,0.4874363953982252,1.8344747342639598,42.74004369030265,100.0,14.028412154330574,115.70255603931778,1.2520125657151482,0.25545785032831986,0.7490343540956212,1.3157542832388067,6.841530432049337,0.8054564289305335,0.27401149344856535,0.0,0.0,0.0,0.0,1.0,arch-Midfielder-5
MID-synth-6,Midfielder,79.87730758768618,0.352200358998615,0.4820034863473587,1.6008326106305866,74.74718510123559,88.56032274835728,13.466730035273413,70.92280283291628,0.6977196738297611,0.43013054718857063,1.3866528526908937,2.4418924806309805,4.515236643282158,0.9249205067097319,0.26911637229482327,0.0,0.0,0.0,0.0,1.0,arch-Midfielder-6
MID-synth-7,Midfielder,90.0,0.4553311949412461,0.5037188430823577,1.867997753866102,46.02403133902568,100.0,9.689615752077938,78.10382881220023,0.6913744300518472,0.41676709500730746,1.2887213276814207,1.9842076253934344,3.55731383051634,1.383976762310658,0.18170341364764264,0.0,0.0,0.0,0.0,0.0,arch-Midfielder-7
MID-synth-8,Midfielder,90.0,0.2718449877018575,0.5444616727642139,1.638332670233884,66.05899732841876,100.0,10.954541765919311,87.68858875239317,0.6086181931328905,0.41400795918126526,0.8806983427637837,2.5252668249532504,4.846024630301368,1.1528948412552016,0.23355062136055005,0.0,0.0,0.0,0.0,0.0,arch-Midfielder-8
MID-synth-9,Midfielder,77.83615394820626,0.30374819810299464,0.36566328728852915,2.123778492344397,65.71805231809327,77.84654503336937,11.834916100829112,82.68008952335819,0.845910736683722,0.2903431068202748,0.7486120147762698,3.172866519480504,6.323898325260231,1.0682735264078878,0.25860564637383476,0.0,0.0,0.0,0.0,1.0,arch-Midfielder-9
MID-synth-10,Midfielder,90.0,0.36903108737554585,0.3577170019655983,2.199815343080036,65.23383251372378,97.81895947349442,10.440684147739201,107.6627027972424,0.9741228378925685,0.4330636667627827,0.8024028365794441,2.371413669977777,4.925414399299339,0.918064395833309,0.23161576702337736,0.0,0.0,0.0,0.0,1.0,arch-Midfielder-10
MID-synth-11,Midfielder,81.35435367775358,0.441550570969196,0.4978089689647278,1.3536825990010544,58.18176255692122,90.25705159562953,8.978885327144672,112.97149445947733,1.5598757199109343,0.3358710525547633,0.997284063325451,1.352516510762784,6.933042370195064,1.0190767027122616,0.1855417800794694,0.0,0.0,0.0,0.0,0.0,arch-Midfielder-11
MID-synth-12,Midfielder,85.7029570950152,0.38691006454755084,0.47485797776979755,1.9319001456080107,45.29984179025569,100.0,9.372480137930726,70.27155253601543,1.0002617965206342,0.30909181377670175,0.5734757649455602,1.8845970672559917,5.994037773304641,0.9054154913690243,0.18876341228933394,0.0,0.0,0.0,0.0,1.0,arch-Midfielder-12
MID-synth-13,Midfielder,79.761398431312,0.19637765070486918,0.6176727438112931,1.9538208965810606,51.184255953904724,92.07597600322148,8.389199355313641,59.33008937079187,0.6349666175370549,0.219991557183195,1.3393343959999515,1.633440834358702,5.582781403314349,0.7909246450110196,0.237976687288161,0.0,0.0,0.0,0.0,1.0,arch-Midfielder-13
MID-synth-14,Midfielder,74.95611168475598,0.35137867227378855,0.7672718088106509,1.1851819547578524,51.30966680825819,84.66980491995089,10.748735318574147,73.34486603340251,0.6739419336016892,0.4052967040162509,0.6443478503808452,1.8998935951887506,6.307288239700872,0.9924537857135368,0.15103029165486156,0.0,0.0,0.0,0.0,0.0,arch-Midfielder-14
MID-synth-15,Midfielder,90.0,0.3142377295764358,0.6801345972800021,1.781102250814067,53.20547871058511,77.67531836219536,11.422420291430226,78.18070210417343,0.7923255658495567,0.14826860602252057,0.8597677497802405,2.1799128331434448,5.1703228828168655,1.2998886174564568,0.2977743271981894,0.0,0.0,0.0,0.0,0.0,arch-Midfielder-15
MID-synth-16,Midfielder,90.0,0.3529785109818439,0.47434597850782906,1.979331359518045,59.510143365558235,100.0,9.838955887921955,76.17787580440181,0.411207528705425,0.411207528705425,0.9448813543534204,2.2277902186682885,6.822233368389253,1.075073359360295,0.2722171851046716,0.0,0.0,0.0,0.0,0.0,arch-Midfielder-16
MID-synth-17,Midfielder,81.65047266707113,0.40831877973017844,0.2666174773881294,2.2802288874794026,73.64786259748375,100.0,7.25113374083329,112.19262114063267,0.8601323142127744,0.26647429050661087,0.6944989032600517,1.4560739812665373,5.504402934317403,0.7219170213046611,0.2370142166826458,0.0,0.0,0.0,0.0,1.0,arch-Midfielder-17
MID-synth-18,Midfielder,88.75262260332157,0.3522155596377063,0.6353026814521185,1.8449523457052845,48.03139224688742,91.71212577575662,13.411948758312215,50.78549388056099,0.7773479257481037,0.24606098280277944,0.9480444528199059,1.6194830481866072,5.883800906371125,0.5987166996353956,0.12101406514027878,0.0,0.0,0.0,0.0,0.0,arch-Midfielder-18
MID-synth-19,Midfielder,90.0,0.2503815836682328,0.6847295375010342,2.244102319866786,51.884405289578524,92.12650860077039,12.372045955816816,104.2944294899556,0.8499043927709122,0.357550402329043,1.0104636189456193,2.745783258224383,6.61361431579926,1.0492448261481502,0.18688586894919698,0.0,0.0,0.0,0.0,1.0,arch-Midfielder-19
MID-synth-20,Midfielder,77.88846810637364,0.20902233111009694,0.5695698910116653,1.5899943986802487,82.84490909805089,60.90896128496461,12.38172434691975,103.00447516994907,0.46193823384409094,0.45136991578441393,0.8936787007004726,2.0705476910810696,5.714311531895429,1.1815322640288883,0.2136941969129841,0.0,0.0,0.0,0.0,1.0,arch-Midfielder-20
MID-synth-21,Midfielder,48.27349723309822,0.49583270087908804,0.42820698644034766,2.747772007600868,65.43539345069088,100.0,9.934563267402616,92.51489086179176,0.9367023636513987,0.41842523336924164,1.1096670418542522,2.467971320650783,2.294903910658662,0.9786068300528437,0.2205275817529148,0.0,0.0,0.0,0.0,0.0,arch-Midfielder-21
MID-synth-22,Midfielder,37.86884192420215,0.34420128762287555,0.4582643967508058,1.5438409377231892,70.46884364448468,100.0,15.117431494452543,77.29773938186742,1.2189352409402372,0.3651050923834383,0.9781571823767082,1.653459724005896,4.205957461097087,1.2094633372170343,0.19789265931436548,0.0,0.0,0.0,0.0,1.0,arch-Midfielder-22
MID-synth-23,Midfielder,59.20366150922333,0.29661469646153665,0.4786632317226413,2.1898714378139803,85.13634997433208,60.08733417009582,13.709393846117301,100.63047549987402,0.9534057340108043,0.2896914755330157,1.1046123422462306,2.172408538944894,5.727940759208902,1.1403201316003042,0.15090138471921744,0.0,0.0,0.0,0.0,0.0,arch-Midfielder-23
MID-synth-24,Midfielder,90.0,0.2141549821659887,0.4549827420528733,1.2953153062207292,74.86849865602971,93.73399458529616,7.062650505557266,87.02929723163962,0.9858727631524272,0.33873107120658036,0.902116891561143,1.599260299628488,4.036444216927741,0.8654574458628989,0.20094125482905234,0.0,0.0,0.0,0.0,0.0,arch-Midfielder-24
MID-synth-25,Midfielder,75.72461581198377,0.5470390581276111,0.5526266628075691,1.3100096670481522,78.69366706463053,69.52412499297418,14.727184523415291,75.78075441258636,0.8900510376276481,0.42068737266206874,1.1416003381648112,2.486494718724604,5.5436495993999335,0.8888888690517254,0.23056772101291043,0.0,0.0,0.0,0.0,0.0,arch-Midfielder-25
MID-synth-26,Midfielder,90.0,0.3102927846725719,0.34359515180062605,1.9549639020956975,68.59428038679397,80.6380847715031,13.013031056114084,80.42614980710223,1.1934229727746921,0.3497334285799298,1.0417883218962103,1.3163935543490008,7.238403423351462,0.9645272503572142,0.19595567731524344,0.0,0.0,0.0,0.0,1.0,arch-Midfielder-26
MID-synth-27,Midfielder,90.0,0.305534773632703,0.47622213520961265,2.1690529607531652,57.83118661213653,95.67594594007724,12.612662776864907,92.0587204251585,0.8452157606310978,0.35326022646574057,0.7734221267623738,1.7137166741893806,4.33884367606782,0.7319870569065805,0.2507831141692831,0.0,0.0,0.0,0.0,0.0,arch-Midfielder-27
MID-synth-28,Midfielder,65.73536197983621,0.36247134057170133,0.6058420305238832,2.3694729520617233,73.73485970815159,91.65575499793822,10.426869999186046,63.700613866679575,1.3224763816904175,0.3573603203794942,0.826673943199894,2.019915884111567,4.624856133768733,0.7179473235735625,0.20888256883106512,0.0,0.0,0.0,0.0,0.0,arch-Midfielder-28
MID-synth-29,Midfielder,68.74338217642905,0.34880545707429206,0.4918066822771297,2.288442655299325,62.027699659449745,72.28985320784012,12.342352713415842,54.746509759633554,1.134859630159162,0.229713809511515,1.2295581316333621,1.8307721268790427,6.328166895387396,0.7193442028529211,0.166111514963559,0.0,0.0,0.0,0.0,0.0,arch-Midfielder-29
MID-synth-30,Midfielder,81.62737990384052,0.3824075716772229,0.38222737538008683,2.210100253431627,26.94748808608276,64.76420223780471,13.400030394242293,53.751222955989526,1.1067374026972963,0.36798435906092725,0.8746699518204305,1.5155235221629009,4.407266730181576,0.7585469202039536,0.19493932209920414,0.0,0.0,0.0,0.0,0.0,arch-Midfielder-30
MID-synth-31,Midfielder,89.60110653871409,0.3887329056411052,0.6414196440316647,1.7898710511498825,74.01988295115936,99.4765293824451,10.380182464221779,92.31899874296148,1.4656230430130932,0.3353775498796973,1.1415890947676677,2.3360774891003535,3.1737792408060743,1.1150561683015723,0.14916202125807362,0.0,0.0,0.0,0.0,1.0,arch-Midfielder-31
MID-synth-32,Midfielder,67.15110593746772,0.2664435641857742,0.6561315209982709,2.0213837826539796,39.624048016693905,100.0,10.810602353860475,110.7970297306049,0.8484532630914666,0.37884194802944443,1.4439245080914285,1.5745283880942147,4.758483724052259,1.0971563185361126,0.1571327123722913,0.0,0.0,0.0,0.0,0.0,arch-Midfielder-32
MID-synth-33,Midfielder,74.82582039995074,0.2583621206737685,0.4851765513968962,1.9776211793821024,57.868698225867476,97.28864194693541,6.55571475397441,65.39067482182097,0.9300180434492864,0.2357913609727046,1.4072995037022227,2.009430923362476,5.220962097782379,0.8791923230086348,0.19921105398135197,0.0,0.0,0.0,0.0,1.0,arch-Midfielder-33
MID-synth-34,Midfielder,63.183929414242435,0.409794480338575,0.6037997186384428,2.659519667957616,87.55047063215251,100.0,10.641393943862596,59.25498107468755,1.2866861513624241,0.3048425980790543,1.6235057040954768,1.817451011994623,7.466119818475601,0.9608020523260612,0.266802429862935,0.0,0.0,0.0,0.0,1.0,arch-Midfielder-34
MID-synth-35,Midfielder,83.67417585452152,0.3039274742392602,0.56952989187166,1.0713065831425426,85.90994756430214,82.14538132485185,13.597203918713571,92.41425678457094,1.3426991401909603,0.2921356959162725,0.4690906352392673,2.0285638067267806,5.250883572702001,0.7414347852149707,0.20737453272164694,0.0,0.0,0.0,0.0,1.0,arch-Midfielder-35
MID-synth-36,Midfielder,77.82326535968414,0.392660894809811,0.494885479778326,2.039549910272911,57.83966249122105,100.0,16.047954145352016,92.95721634973013,1.171716740333714,0.3454672654413259,0.6549393391722091,1.5619405841504308,4.743765758001092,0.8185339893766936,0.14677314876220013,0.0,0.0,0.0,0.0,1.0,arch-Midfielder-36
MID-synth-37,Midfielder,78.45565990001573,0.3817930190530386,0.4797967794968953,2.348165440700858,68.30222363728875,58.453401617008765,11.728025472788474,55.28751801342633,0.9729697904457697,0.24411518870769833,1.0954907583712021,1.3288228312668995,5.018377281599297,1.1431038956407984,0.24537977846544978,0.0,0.0,0.0,0.0,1.0,arch-Midfielder-37
MID-synth-38,Midfielder,67.95574400843692,0.510334686955206,0.46586283950550317,1.0545030950483627,55.5335601705923,40.0,12.72276213736846,96.19569520556438,0.7720844059578117,0.264695705831137,1.230913538842228,1.1248922675769648,3.348035984750568,0.9429712045710901,0.1623832581266591,0.0,0.0,0.0,0.0,1.0,arch-Midfielder-38
MID-synth-39,Midfielder,90.0,0.19152694841024145,0.561573943955609,1.834566799097779,62.29277750069371,100.0,9.841693330449315,107.02368656918,1.3611188248432733,0.35645883280232793,0.7548447973081445,0.9068533771865341,6.348543642824927,1.02784626533277,0.16274012645892688,0.0,0.0,0.0,0.0,1.0,arch-Midfielder-39
DEF-synth-0,Defender,87.53667953384098,0.12722842959783406,0.10527776859052825,0.3935569752617761,70.58703242258247,88.17024335727562,3.7423319031958764,43.4134155717704,0.47633341123844897,0.061243714492867835,0.45916342642663127,1.0846201534222581,8.204356043642264,1.0274940910636756,0.25173842181876527,0.0,0.0,1.0,0.0,1.0,arch-Defender-0
DEF-synth-1,Defender,54.13827062737413,0.11113031775617549,0.08999417975235359,0.36297824524199745,57.0481799420823,100.0,9.436734243109873,65.64606857230842,0.3367608243150645,0.08423070737021943,0.653049559991097,1.1588776111300831,4.465552250666398,1.2542590273964496,0.12196679598484306,0.0,0.0,0.0,0.0,0.0,arch-Defender-1
DEF-synth-2,Defender,90.0,0.1116322468849585,0.12405889278335912,0.28423066861699287,52.72223257641795,58.693416552983024,8.539826536860303,41.07637406403302,0.21521298801945835,0.07287051574723555,0.6885856134754964,0.9323596996216809,6.329816044535049,1.045951124640583,0.16570867354110766,0.0,0.0,0.0,0.0,1.0,arch-Defender-2
DEF-synth-3,Defender,48.64586663126307,0.07997266769161404,0.08128105030950844,0.24201798786336898,68.33830561535454,61.300738880938866,9.677203367485859,62.37445555826874,0.496045507747167,0.09667170320657673,0.5988913708996948,0.9569449654764755,6.6515887898772,0.7491176738258278,0.10212914427816684,0.0,0.0,0.0,0.0,0.0,arch-Defender-3
DEF-synth-4,Defender,90.0,0.11486590562510197,0.14296850399372776,0.2762227785157625,46.01859753934915,55.04080154286289,12.492825764990565,66.3211636057281,0.44530611058943026,0.177917606033098,0.5406305926482874,0.6744196487249919,5.706144637510535,0.907565277345404,0.27030987040629206,0.0,0.0,0.0,0.0,1.0,arch-Defender-4
DEF-synth-5,Defender,90.0,0.11177668187123478,0.1068922683185512,0.35137485545751196,56.84160272668153,100.0,10.694502676974993,62.44078102549205,0.37796055065038847,0.13825994503634773,0.4402623075283208,1.0978284001068364,6.6208626161086,1.0171326443209094,0.239413321101638,0.0,0.0,0.0,0.0,1.0,arch-Defender-5
DEF-synth-6,Defender,90.0,0.035011637540744045,0.1160325928689332,0.2581386160578211,61.229851026956744,87.68902429736619,8.566452841304637,58.46646408056788,0.397757569173022,0.1336101243022561,0.49754247661436407,1.2713840332953001,7.409858798768486,1.4001136642750958,0.16600358849027416,0.0,0.0,1.0,0.0,0.0,arch-Defender-6
DEF-synth-7,Defender,68.46788099614243,0.12865266597629368,0.10296050803591304,0.2684909956229871,54.38360284045966,59.37592107631116,8.96905264587923,43.75889529156061,0.3604556205686015,0.1231324890992394,0.5317738345697072,0.6294573752798696,7.277232190370804,1.1978700714272572,0.2593361048692996,0.0,0.0,0.0,0.0,0.0,arch-Defender-7
DEF-synth-8,Defender,80.88513363606172,0.12949914348643973,0.086878037296449,0.18412651058912965,45.6681821489303,100.0,10.872297363278514,56.17476521010209,0.5373255141640474,0.11869855572054706,0.4666763295456742,0.95852253622473,6.493976597918152,0.9504339151008552,0.3003378799132013,0.0,0.0,0.0,0.0,1.0,arch-Defender-8
DEF-synth-9,Defender,81.4161145566665,0.08795613381588534,0.12400177409804002,0.29673400729763305,79.69630137772008,100.0,8.076998263073582,63.59488044838437,0.36459311906305425,0.1214849022622605,0.3334752858386235,0.7940760058571666,6.683534877832383,1.5677269346170861,0.13485235528956008,0.0,0.0,1.0,0.0,1.0,arch-Defender-9
DEF-synth-10,Defender,88.5172941493001,0.11583001086773276,0.08626282056097592,0.2168969590165372,49.32006216966272,88.7394263120547,9.519238788649375,48.16252951091391,0.49014467003353596,0.08446508070689918,0.391285329709387,0.8644021226329275,7.61226026355391,1.1601610641178022,0.2479114872697671,0.0,0.0,0.0,0.0,1.0,arch-Defender-10
DEF-synth-11,Defender,90.0,0.06793638425740033,0.09487644334095913,0.2530357223155707,49.46031808883502,71.5023093096326,8.354032181559973,67.98349029397372,0.3880508089560004,0.05339067005611536,0.40673492938768924,0.6201501618604369,6.3660903389726515,1.3509952092162563,0.31924111663906235,0.0,0.0,0.0,0.0,0.0,arch-Defender-11
DEF-synth-12,Defender,90.0,0.0847912849991886,0.12948405781732697,0.2629813311503949,63.985643171154564,76.75992144113314,8.496040131572014,23.682332139162156,0.36980867855830846,0.10227724916962569,0.4487437978295202,1.4390470170212848,4.256300872012085,1.0309256288688222,0.232134554251061,0.0,0.0,0.0,0.0,0.0,arch-Defender-12
DEF-synth-13,Defender,90.0,0.12802511017290757,0.09735045500028033,0.195292560276984,37.03338972497654,91.75384790846105,10.236010316504622,29.007827924682775,0.3678690089462118,0.1404573972389346,0.4728113491712143,1.372409522697656,6.9735691934335255,0.8747161197493926,0.2780496529986108,0.0,0.0,0.0,0.0,0.0,arch-Defender-13
DEF-synth-14,Defender,80.17909923678712,0.09935901675292069,0.11404611045596431,0.2551080995321491,62.80868431054983,42.97854660993559,9.989341623932933,22.97204813142546,0.37731532733015427,0.12135607463296227,0.577786913257297,0.6753973802595148,4.245503405859724,0.9933983879032094,0.31396618967686013,0.0,0.0,1.0,0.0,0.0,arch-Defender-14
DEF-synth-15,Defender,77.81277916352485,0.051595265993512746,0.10333532703927058,0.22851934760775164,47.047788908153755,98.54073279518788,12.18900011272729,59.42909814836987,0.455406483644587,0.06388801647117774,0.5306904476243793,0.9850235155807094,7.8438413709392725,1.037862457191373,0.2818771787128222,0.0,0.0,1.0,0.0,0.0,arch-Defender-15
DEF-synth-16,Defender,90.0,0.10669043772577787,0.09525640739984004,0.28614297221052687,51.76968683854061,63.44945511098981,13.837993232451138,56.70013623429934,0.45969309928230956,0.09163367855795987,0.45565454095556457,0.8861390843325874,3.675231318016124,1.151813657963769,0.2694744259260427,0.0,0.0,1.0,0.0,0.0,arch-Defender-16
DEF-synth-17,Defender,90.0,0.12425403683514952,0.0963469272146148,0.19673917492946488,36.24288444199926,100.0,6.163663457700321,65.88039916589868,0.41143491098205964,0.10942831210777569,0.558948100980736,0.7665823038955246,4.536707731477888,1.4144781402301205,0.25279915420767024,0.0,0.0,0.0,0.0,0.0,arch-Defender-17
DEF-synth-18,Defender,90.0,0.10384494201340506,0.1396857332035287,0.22034196684321702,54.88704401927326,100.0,8.571573546727398,77.28328494979004,0.35679604604892196,0.1517342787907222,0.7652746880340306,1.070517999056825,6.828901770531925,1.5575014306873913,0.21096019507744748,0.0,0.0,1.0,0.0,1.0,arch-Defender-18
DEF-synth-19,Defender,85.71234792471748,0.08117383152016942,0.12295179084037706,0.3746273083788004,62.92935321928627,96.70009027358111,5.630969815379397,68.8596461999531,0.4629397945523384,0.13112981634421825,0.7647762265537746,0.5768598316070979,5.41728476157268,0.9773200088527065,0.3129380391288806,0.0,0.0,1.0,0.0,0.0,arch-Defender-19
DEF-synth-20,Defender,81.8926292829153,0.06928524460220385,0.09878571278001824,0.28758823540268497,44.18541718251265,100.0,8.866123811354843,75.93971046047706,0.38049501487955684,0.09939512779421614,0.42965219941478616,0.9982383648661288,7.06834695919807,1.0765997303189105,0.3388808971900998,0.0,0.0,0.0,0.0,1.0,arch-Defender-20
DEF-synth-21,Defender,64.0334761592803,0.06309558066720329,0.08459456885061084,0.1961541788974265,35.987395201611186,100.0,8.990597714821519,52.804785349436116,0.3613037402694568,0.08506905839184152,0.7062961459773804,0.8161235730892409,4.016799152875051,1.4388151852458984,0.2838183282489134,0.0,0.0,0.0,0.0,0.0,arch-Defender-21
DEF-synth-22,Defender,90.0,0.11437229794784827,0.06473474748222684,0.21536732727714594,20.124087431964927,100.0,8.410888815444572,57.567743685370765,0.23085559022981467,0.07254744117276683,0.44025513592905424,0.8319185999630447,6.176754113276447,1.3750404379895442,0.47022094269638975,0.0,0.0,1.0,0.0,0.0,arch-Defender-22
DEF-synth-23,Defender,90.0,0.08048864688728337,0.05114321533113536,0.43020188593951325,47.60852644480102,51.97237533522765,11.020886528641402,49.07078456191072,0.5090166033690662,0.08166514163304878,0.43238778871715033,1.0862079273692615,6.889829071056166,1.4305451212021794,0.2932694145953003,0.0,0.0,0.0,0.0,0.0,arch-Defender-23
DEF-synth-24,Defender,90.0,0.08965960369123233,0.13194415908979149,0.19291247753150131,77.60549933626719,87.50998787004175,9.714415901631522,54.074338282045936,0.23329270874766703,0.09650975253835552,0.5418431133615991,1.1690563616006484,5.702950202341648,0.5422380476386746,0.18437539915630308,0.0,0.0,1.0,0.0,1.0,arch-Defender-24
DEF-synth-25,Defender,71.54562495193035,0.13980537839397636,0.10189320895171028,0.33456381347247527,51.32040363973702,100.0,12.55228366466219,58.03071093565178,0.5729712790749236,0.08471010479052206,0.5955120049189637,1.1222785840607625,4.397126890976446,1.2641429113911995,0.30055244533877795,0.0,0.0,1.0,0.0,1.0,arch-Defender-25
DEF-synth-26,Defender,81.72675852195763,0.10349585237537454,0.0839021446909055,0.49926071186024995,35.62166787485191,75.13580630084189,7.862080264701884,90.60740121486805,0.26798653500225006,0.11064805744965274,0.5310492581308175,1.083400576168637,7.854514743916411,1.5647488079241265,0.26617823801099116,0.0,0.0,0.0,0.0,1.0,arch-Defender-26
DEF-synth-27,Defender,90.0,0.05758578261060981,0.10370711516978966,0.20801208052330877,43.31743576688159,100.0,10.32281537830565,77.23804706505815,0.5559727132501291,0.08067903232150589,0.687371457805109,0.6336235859552746,7.119150501817355,1.0519986856200085,0.23022748930205128,0.0,0.0,1.0,0.0,1.0,arch-Defender-27
DEF-synth-28,Defender,90.0,0.11353389598964952,0.10509998652776786,0.36320878683797725,32.62589265993162,85.1119835480995,5.886345388847432,64.15053026407327,0.5641930175853699,0.0881478804513258,0.5159065037871519,1.1891216787304097,2.8984156023502132,1.0433668553567437,0.3273386744454638,0.0,0.0,0.0,0.0,1.0,arch-Defender-28
DEF-synth-29,Defender,90.0,0.11388487268605788,0.09210865727898465,0.308685951219157,46.304907186782444,100.0,12.423508671379954,80.6986920104561,0.3591891238322138,0.07615564901587282,0.6596217075937704,1.1359768006478532,6.492876512285464,1.0099103745164564,0.3319247859477574,0.0,0.0,0.0,0.0,1.0,arch-Defender-29
DEF-synth-30,Defender,90.0,0.15349204360144283,0.0782847102389429,0.2955613820317337,74.43595983726344,100.0,14.580351730091486,49.006959251571175,0.30102442142591784,0.13060313589587935,0.35051517146605804,0.950808002795616,5.901530182710635,1.5107968420157767,0.3460700976018935,0.0,0.0,0.0,0.0,1.0,arch-Defender-30
DEF-synth-31,Defender,60.798083152676384,0.08406296376707117,0.0946572441513174,0.25990498197996503,54.77892977525584,100.0,11.806125564080777,57.617509252976184,0.279172005533414,0.13343419107256033,0.4938682158173294,0.5683748935994113,7.068645177739555,1.5077060052700395,0.11805686962989981,0.0,0.0,0.0,0.0,1.0,arch-Defender-31
DEF-synth-32,Defender,79.46274660043142,0.11355136626371742,0.07221210862563524,0.1985750235572701,65.38495091659296,93.5554380269787,11.075525399781466,52.011104986178374,0.3204894697520255,0.13401797218852277,0.3096301545006912,1.3128651772951563,7.980757061223575,1.4580268542798225,0.24841443622421638,0.0,0.0,1.0,0.0,0.0,arch-Defender-32
DEF-synth-33,Defender,66.38456640296349,0.11690304838250187,0.11135758264349516,0.41324146909328274,62.82562607567842,100.0,10.073424579592974,74.69893664545782,0.2712882843432225,0.09695638857222717,0.49512715397155876,0.9390625132661794,6.665829945475089,1.3903138963487252,0.3294192807803361,0.0,0.0,1.0,0.0,0.0,arch-Defender-33
DEF-synth-34,Defender,50.77575725158437,0.10088426535868607,0.0950405014350351,0.2569149787233497,76.78825260979853,62.56460937007353,10.589384141285255,92.8006224139781,0.5077267903716688,0.09921153044755583,0.35824142007208404,0.6594844558538862,5.382672457563717,0.9938997798258276,0.24603398182814007,0.0,0.0,0.0,0.0,0.0,arch-Defender-34
DEF-synth-35,Defender,85.60158314797644,0.14591059268533557,0.10580616481809645,0.17898076410304317,60.749993721818015,100.0,8.718461936449339,41.79904988386198,0.5758054695313464,0.07325290216046858,0.5825965258019917,1.0500126322659837,6.901215823544655,1.712057377250199,0.34212291541057765,0.0,0.0,1.0,0.0,1.0,arch-Defender-35
DEF-synth-36,Defender,90.0,0.1092021677145218,0.05744023443272424,0.3372965526000498,43.73285157177341,100.0,8.208080035144857,43.14566595675021,0.4075804557959252,0.07709412497303186,0.6586181426791407,1.0001325518832749,5.772485065360069,1.3775403056793023,0.22462894205997802,0.0,0.0,0.0,0.0,0.0,arch-Defender-36
DEF-synth-37,Defender,61.78883529480949,0.0845215989264666,0.07740671110134201,0.4332239473530435,67.45764337909587,78.74141338788397,10.296438051022859,39.657207211037566,0.33273538488105076,0.10262158164854716,0.5565288436432391,0.9756352186216389,6.372020266071338,1.2235009379859378,0.28773169484832617,0.0,0.0,0.0,0.0,1.0,arch-Defender-37
DEF-synth-38,Defender,67.52412334927828,0.1099720451487017,0.13679183251677193,0.31143115961690665,49.33955932844133,92.93549001974107,6.442151799344786,79.63414734804695,0.41865941445080285,0.0832635696697363,0.4791505667383906,0.8682409419840961,7.967504965225251,1.139327973165882,0.31165243095866946,0.0,0.0,1.0,0.0,0.0,arch-Defender-38
DEF-synth-39,Defender,88.97035353877936,0.10324915730289992,0.10089074283726417,0.3194377404712561,73.38846935304717,62.050836934127595,8.230157245124055,69.99927943444254,0.4480925867727911,0.11148513883355211,0.8441971519591671,1.1535338810291764,7.696406694382537,1.1078783823442475,0.22553157195770385,0.0,0.0,1.0,0.0,1.0,arch-Defender-39
GOA-synth-0,Goalkeeper,85.95321200340125,0.0,0.0,0.0,29.764640996446555,68.66021476949729,4.468921651841053,28.560256931531338,0.0,0.0,0.0,0.2303296578779714,0.7815102874692794,0.0,0.0,0.0,3.1152423737021655,0.5751016422903894,0.0,0.0,arch-Goalkeeper-0
GOA-synth-1,Goalkeeper,58.567947395058546,0.0,0.0,0.0,21.8300522304322,82.17152869175726,2.705720050373661,30.917867427036118,0.0,0.0,0.0,0.2227310511783745,1.1199045809117347,0.0,0.0,0.0,4.109803829646342,0.4338516997505231,0.0,1.0,arch-Goalkeeper-1
GOA-synth-2,Goalkeeper,77.28326936480507,0.0,0.0,0.0,20.156272616192222,99.71997332491809,2.811620960542328,46.84177069004392,0.0,0.0,0.0,0.19577258208831796,1.2916366764368021,0.0,0.0,0.0,4.487721405057192,0.44647435038876354,0.0,1.0,arch-Goalkeeper-2
GOA-synth-3,Goalkeeper,90.0,0.0,0.0,0.0,16.083103468753272,86.88627941221073,3.6662006146879684,36.28641829069026,0.0,0.0,0.0,0.09078266588360387,1.4495481024946282,0.0,0.0,0.0,3.2388571901961565,0.548277097779716,0.0,1.0,arch-Goalkeeper-3
GOA-synth-4,Goalkeeper,89.71298886417188,0.0,0.0,0.0,18.89444914757849,91.26045158528207,3.528421040350818,30.95525478486173,0.0,0.0,0.0,0.11039835720580858,0.8824092465898513,0.0,0.0,0.0,3.4158163708438205,0.6138774957280797,0.0,0.0,arch-Goalkeeper-4
GOA-synth-5,Goalkeeper,90.0,0.0,0.0,0.0,22.749947766813055,66.81922906936892,3.7742768069803647,21.30672679974299,0.0,0.0,0.0,0.2249329204810501,0.7140710555064278,0.0,0.0,0.0,3.1563546190491287,0.5210898374877665,0.0,1.0,arch-Goalkeeper-5
GOA-synth-6,Goalkeeper,90.0,0.0,0.0,0.0,29.934475483467583,96.15005277581156,3.2267035189886584,23.139034461185275,0.0,0.0,0.0,0.19108995285684885,1.255852444362072,0.0,0.0,0.0,3.703374162303827,0.5841959304321798,0.0,0.0,arch-Goalkeeper-6
GOA-synth-7,Goalkeeper,90.0,0.0,0.0,0.0,26.340338049600216,67.61165467720514,3.8270284537350467,32.32048340661461,0.0,0.0,0.0,0.2488491365339316,0.9778065801556117,0.0,0.0,0.0,3.730778609548078,0.5297392802143389,0.0,0.0,arch-Goalkeeper-7
GOA-synth-8,Goalkeeper,90.0,0.0,0.0,0.0,21.81547371704522,60.8926860166731,4.504813430404083,27.913049712243154,0.0,0.0,0.0,0.14419460036578313,1.0964546169679945,0.0,0.0,0.0,3.279340116084692,0.5304320877419997,0.0,0.0,arch-Goalkeeper-8
GOA-synth-9,Goalkeeper,90.0,0.0,0.0,0.0,26.86140276554127,100.0,4.205144687309027,17.75139048136035,0.0,0.0,0.0,0.20148623309145108,0.9434161417419664,0.0,0.0,0.0,3.574185375600709,0.5936917001863553,0.0,0.0,arch-Goalkeeper-9
GOA-synth-10,Goalkeeper,74.94338288163136,0.0,0.0,0.0,27.863971733036628,96.07832076031444,3.586968674985545,28.16749956544747,0.0,0.0,0.0,0.2402622314864011,1.0087876448476272,0.0,0.0,0.0,2.514051436960052,0.455602503883718,0.0,0.0,arch-Goalkeeper-10
GOA-synth-11,Goalkeeper,82.83531769951624,0.0,0.0,0.0,21.146017875472083,100.0,2.0970984379066877,15.106507569667718,0.0,0.0,0.0,0.17305132458604533,0.7705190487269171,0.0,0.0,0.0,3.216301156315457,0.44401667043182874,0.0,0.0,arch-Goalkeeper-11
GOA-synth-12,Goalkeeper,90.0,0.0,0.0,0.0,26.211504965065686,84.05685294166088,3.4240060977662266,32.441391021294514,0.0,0.0,0.0,0.24279148990529953,0.7827060228173369,0.0,0.0,0.0,2.8254920994165444,0.39559631518989485,0.0,1.0,arch-Goalkeeper-12
GOA-synth-13,Goalkeeper,90.0,0.0,0.0,0.0,33.4861096894,60.782454282112234,3.6475494477795634,36.863088932806654,0.0,0.0,0.0,0.25517266023562557,0.8875894773319654,0.0,0.0,0.0,3.6086445781167074,0.45353326360273244,0.0,0.0,arch-Goalkeeper-13
GOA-synth-14,Goalkeeper,66.03650167599992,0.0,0.0,0.0,13.356615326047994,90.58992237908859,2.1972664499452987,30.23796898901655,0.0,0.0,0.0,0.21492048008154782,0.7527571759048863,0.0,0.0,0.0,4.024701514942813,0.36954664554567596,0.0,0.0,arch-Goalkeeper-14
GOA-synth-15,Goalkeeper,71.46244024422185,0.0,0.0,0.0,23.908002936836635,82.45934844027627,4.540130966958223,31.11998269576787,0.0,0.0,0.0,0.17219870546386853,0.9851493173318311,0.0,0.0,0.0,2.3282393971028714,0.4111464812394671,0.0,0.0,arch-Goalkeeper-15
GOA-synth-16,Goalkeeper,78.67462435093908,0.0,0.0,0.0,22.947238881846808,79.27582050524082,0.5,30.428698770013703,0.0,0.0,0.0,0.19061459693041014,1.2040572704184889,0.0,0.0,0.0,2.463389715386202,0.42912127370204434,0.0,0.0,arch-Goalkeeper-16
GOA-synth-17,Goalkeeper,73.1535139391444,0.0,0.0,0.0,26.354267679121346,95.56058054544555,4.250740619911327,24.45611596633637,0.0,0.0,0.0,0.1082383961777484,1.1248298920884472,0.0,0.0,0.0,3.1006566239026014,0.41975415322383697,0.0,1.0,arch-Goalkeeper-17
GOA-synth-18,Goalkeeper,90.0,0.0,0.0,0.0,17.941074995681383,49.97277851805471,4.63553599093401,35.13373802151484,0.0,0.0,0.0,0.23012096929845427,1.1511874759849499,0.0,0.0,0.0,3.1408504828408623,0.4540727969167305,0.0,0.0,arch-Goalkeeper-18
GOA-synth-19,Goalkeeper,90.0,0.0,0.0,0.0,22.959361269434215,54.2579876994342,4.221229542000622,31.146530333400015,0.0,0.0,0.0,0.3140208155961598,1.058112861304976,0.0,0.0,0.0,4.018111257259206,0.3434343862242037,0.0,1.0,arch-Goalkeeper-19
GOA-synth-20,Goalkeeper,79.91728182775027,0.0,0.0,0.0,22.931092618055,100.0,2.636002914022954,19.58711774257607,0.0,0.0,0.0,0.1698928959680185,0.8808266487588907,0.0,0.0,0.0,3.033260161823061,0.29864303287225985,0.0,0.0,arch-Goalkeeper-20
GOA-synth-21,Goalkeeper,73.3532735194219,0.0,0.0,0.0,33.772543611875626,83.1482383406807,2.5014504726283127,47.17125461509316,0.0,0.0,0.0,0.23511513935106737,1.32773458747161,0.0,0.0,0.0,4.083042596273581,0.4474186459169414,0.0,0.0,arch-Goalkeeper-21
GOA-synth-22,Goalkeeper,84.35275153676187,0.0,0.0,0.0,21.520822756811967,93.34758035190745,4.432183624660242,30.060733585116438,0.0,0.0,0.0,0.09304976382140343,1.3520076824764038,0.0,0.0,0.0,1.9041130018571495,0.4497365938289672,0.0,1.0,arch-Goalkeeper-22
GOA-synth-23,Goalkeeper,79.20219582731337,0.0,0.0,0.0,20.686844324674166,100.0,4.045557821113595,38.184038179396225,0.0,0.0,0.0,0.22173938131073295,1.0329073278572938,0.0,0.0,0.0,4.339602804814188,0.4271560687047755,0.0,0.0,arch-Goalkeeper-23
GOA-synth-24,Goalkeeper,51.148841572790445,0.0,0.0,0.0,25.853590734321337,80.67347380434957,4.438405203382369,31.187276528178945,0.0,0.0,0.0,0.2820141405377499,1.4216144041456245,0.0,0.0,0.0,4.829899440721323,0.563946323416712,0.0,1.0,arch-Goalkeeper-24
GOA-synth-25,Goalkeeper,90.0,0.0,0.0,0.0,29.794530200109737,98.72885905772985,3.8093625304080403,27.36563310874319,0.0,0.0,0.0,0.1868311662276013,1.0877332691136745,0.0,0.0,0.0,3.869333357352025,0.5097806334529372,0.0,1.0,arch-Goalkeeper-25
GOA-synth-26,Goalkeeper,88.01028278004875,0.0,0.0,0.0,29.674058463707325,90.60993337643484,3.7229306929614596,29.24682219136614,0.0,0.0,0.0,0.2349754903229372,0.5544314806481896,0.0,0.0,0.0,2.4820327839166767,0.6110152401701267,0.0,0.0,arch-Goalkeeper-26
GOA-synth-27,Goalkeeper,80.69168294953148,0.0,0.0,0.0,18.52349392135547,70.2080254563739,4.80222239215514,39.71601275259864,0.0,0.0,0.0,0.21954265106092793,1.3676434348061535,0.0,0.0,0.0,3.040356371825137,0.6675541198588885,0.0,0.0,arch-Goalkeeper-27
GOA-synth-28,Goalkeeper,90.0,0.0,0.0,0.0,27.881599863407125,74.17307613026786,2.8542251641004848,45.355549228949535,0.0,0.0,0.0,0.1739549219168383,0.8717647212525548,0.0,0.0,0.0,3.9810577283594184,0.4363633344685928,0.0,1.0,arch-Goalkeeper-28
GOA-synth-29,Goalkeeper,79.50475452046275,0.0,0.0,0.0,18.65270836309071,100.0,4.493283233394125,43.45922271286541,0.0,0.0,0.0,0.17109701300630076,0.9554269945027188,0.0,0.0,0.0,4.010428682894027,0.5927990982792563,0.0,1.0,arch-Goalkeeper-29
GOA-synth-30,Goalkeeper,87.51550723856077,0.0,0.0,0.0,16.084293257038702,93.58512483043104,5.62498604817735,31.42163134435624,0.0,0.0,0.0,0.10630260964283705,1.195102739557165,0.0,0.0,0.0,4.429096308015513,0.4321160878242132,0.0,0.0,arch-Goalkeeper-30
GOA-synth-31,Goalkeeper,65.3691266350594,0.0,0.0,0.0,26.950415150493107,58.04575177367381,4.69034016136918,29.98964189828744,0.0,0.0,0.0,0.24444218894272143,0.6454713166049949,0.0,0.0,0.0,4.422495480456242,0.2654054096346871,0.0,1.0,arch-Goalkeeper-31
GOA-synth-32,Goalkeeper,63.58481266449053,0.0,0.0,0.0,34.94538731125127,64.14804108059437,5.751979104662965,13.29050703137474,0.0,0.0,0.0,0.264915123296989,1.2385559138583488,0.0,0.0,0.0,2.037669912880358,0.21746094425981022,0.0,0.0,arch-Goalkeeper-32
GOA-synth-33,Goalkeeper,85.3161316040527,0.0,0.0,0.0,36.78473064727569,100.0,3.6646225483265327,27.786790080732843,0.0,0.0,0.0,0.13346337815696172,0.9823664457887085,0.0,0.0,0.0,3.551822657498985,0.4733332296076314,0.0,1.0,arch-Goalkeeper-33
GOA-synth-34,Goalkeeper,90.0,0.0,0.0,0.0,27.290992522185558,100.0,3.344768881061657,13.184484598982468,0.0,0.0,0.0,0.06416317058023412,0.8879108849818445,0.0,0.0,0.0,2.063426458142798,0.26977617976428875,0.0,1.0,arch-Goalkeeper-34
GOA-synth-35,Goalkeeper,64.84156136759258,0.0,0.0,0.0,42.04894193667607,91.92079160013925,3.365053614538456,10.997562521290064,0.0,0.0,0.0,0.1814582559156744,1.1638314936447947,0.0,0.0,0.0,3.5626683999468485,0.37939074562808806,0.0,0.0,arch-Goalkeeper-35
GOA-synth-36,Goalkeeper,90.0,0.0,0.0,0.0,18.304467645480432,92.76572444562055,3.277018653398941,32.96589947472418,0.0,0.0,0.0,0.2713989884554226,1.2943113332072742,0.0,0.0,0.0,4.698997728241754,0.33848501490005367,0.0,0.0,arch-Goalkeeper-36
GOA-synth-37,Goalkeeper,64.04452578715585,0.0,0.0,0.0,30.337700382719923,100.0,4.41932070852588,24.48602671378263,0.0,0.0,0.0,0.22337748959877116,1.1130054089460566,0.0,0.0,0.0,3.3954978155890974,0.5219057999126046,0.0,1.0,arch-Goalkeeper-37
GOA-synth-38,Goalkeeper,90.0,0.0,0.0,0.0,30.6545571884775,100.0,2.3315640077714574,23.196126632991994,0.0,0.0,0.0,0.2529902212465684,0.85590618811239,0.0,0.0,0.0,3.0690025607834617,0.3731803566226289,0.0,1.0,arch-Goalkeeper-38
GOA-synth-39,Goalkeeper,90.0,0.0,0.0,0.0,21.315026400990895,47.06040397648124,2.4286337521889068,20.9475129026025,0.0,0.0,0.0,0.17254615993255917,0.6582773226624129,0.0,0.0,0.0,3.458422649325265,0.6137131945941354,0.0,0.0,arch-Goalkeeper-39
Ferran Torres,Attacker,88.0,0.0,3.0,3.0,18.0,78.3,5.81,35.0,4.0,0.0,0.0,8.0,1.0,0.0,0.0,0.0,0.0,0.0,0.0,1.0,el-clasico-2025-05-11
Raphinha,Attacker,90.0,2.0,0.0,3.0,32.0,66.7,9.3,56.0,6.0,2.0,8.0,2.0,2.0,1.0,0.0,0.0,0.0,0.0,1.0,1.0,el-clasico-2025-05-11
Lamine Yamal,Attacker,90.0,1.0,0.0,3.0,35.0,85.4,9.8,59.0,7.0,5.0,3.0,4.0,7.0,2.0,0.0,0.0,0.0,0.0,0.0,1.0,el-clasico-2025-05-11
Dani Olmo,Midfielder,76.0,0.0,0.0,1.0,26.0,89.7,5.15,31.0,1.0,0.0,4.0,3.0,2.0,2.0,0.0,0.0,0.0,0.0,0.0,1.0,el-clasico-2025-05-11
Fermin Lopez,Midfielder,14.0,0.0,0.0,2.0,6.0,85.7,1.5,9.0,0.0,0.0,0.0,0.0,1.0,2.0,1.0,0.0,0.0,0.0,0.0,1.0,el-clasico-2025-05-11
Pedri,Midfielder,90.0,0.0,1.0,3.0,70.0,90.9,14.29,86.0,0.0,0.0,2.0,3.0,6.0,1.0,1.0,0.0,0.0,0.0,0.0,1.0,el-clasico-2025-05-11
Frenkie de Jong,Midfielder,90.0,0.0,0.0,0.0,67.0,93.1,13.12,79.0,0.0,0.0,0.0,3.0,6.0,1.0,0.0,0.0,0.0,0.0,0.0,1.0,el-clasico-2025-05-11
Gavi,Midfielder,2.0,0.0,0.0,0.0,0.0,0.0,0.83,5.0,1.0,0.0,0.0,0.0,0.0,0.0,0.0,0.0,0.0,0.0,0.0,1.0,el-clasico-2025-05-11
Gerard Martin,Defender,56.0,0.0,0.0,0.0,24.0,75.0,5.81,35.0,1.0,1.0,2.0,2.0,0.0,2.0,0.0,0.0,0.0,0.0,0.0,1.0,el-clasico-2025-05-11
Alejandro Balde,Defender,34.0,0.0,0.0,0.0,20.0,90.9,3.99,24.0,0.0,0.0,1.0,0.0,1.0,0.0,0.0,0.0,0.0,0.0,0.0,1.0,el-clasico-2025-05-11
Inigo Martinez,Defender,90.0,0.0,0.0,0.0,54.0,85.7,10.8,65.0,1.0,0.0,1.0,0.0,6.0,1.0,1.0,0.0,0.0,0.0,0.0,1.0,el-clasico-2025-05-11
Pau Cubarsi,Defender,56.0,0.0,0.0,0.0,18.0,81.8,4.49,27.0,1.0,0.0,0.0,0.0,1.0,1.0,0.0,0.0,0.0,0.0,0.0,1.0,el-clasico-2025-05-11
Andreas Christensen,Defender,34.0,0.0,0.0,0.0,4.0,100.0,1.33,8.0,0.0,0.0,0.0,0.0,0.0,0.0,0.0,0.0,0.0,0.0,0.0,1.0,el-clasico-2025-05-11
Eric Garcia,Defender,77.0,1.0,0.0,0.0,34.0,87.2,7.31,44.0,1.0,1.0,0.0,1.0,0.0,0.0,0.0,0.0,0.0,0.0,0.0,1.0,el-clasico-2025-05-11
Hector Fort,Defender,13.0,0.0,0.0,1.0,7.0,87.5,1.33,8.0,0.0,0.0,0.0,0.0,0.0,0.0,0.0,0.0,0.0,0.0,0.0,1.0,el-clasico-2025-05-11
Wojciech Szczesny,Goalkeeper,90.0,0.0,0.0,0.0,23.0,85.2,5.15,31.0,0.0,0.0,0.0,0.0,0.0,0.0,0.0,0.0,2.0,0.0,0.0,1.0,el-clasico-2025-05-11
